slug,generic_name,display_name,active_ingredient,salt,category,description,strengths,dosage_forms,routes,mechanism_of_action,pronunciation_en,key_suffix,verification_status
sotalol,Sotalol,Sotalol Hydrochloride,Sotalol hydrochloride,Sotalol hydrochloride,Cardiovascular,"A non-selective beta-blocker with Class III antiarrhythmic potassium channel-blocking properties, used for ventricular arrhythmias and maintaining sinus rhythm in atrial fibrillation.",40 mg; 80 mg; 160 mg,Tablet,Oral,"D- and L-isomers block beta-1 and beta-2 adrenergic receptors; D-isomer selectively blocks rapid delayed rectifier potassium current (IKr), prolonging myocardial action potential duration and effective refractory period.",SOE-ta-lol,-olol,verified
pindolol,Pindolol,Pindolol,Pindolol,Pindolol,Cardiovascular,"A non-selective beta-adrenergic blocker with potent intrinsic sympathomimetic activity (ISA), lowering blood pressure with minimal resting bradycardia or metabolic suppression.",5 mg; 10 mg,Tablet,Oral,Partial agonist at beta-1 and beta-2 adrenergic receptors (intrinsic sympathomimetic activity - ISA); competitively blocks catecholamines during exercise/stress while providing low-level basal receptor stimulation at rest.,PIN-doe-lol,-olol,verified
fosinopril,Fosinopril,Fosinopril Sodium,Fosinopril sodium,Fosinopril sodium,Cardiovascular,"A phosphinic acid-containing ACE inhibitor prodrug characterized by dual, compensatory hepatic and renal elimination, eliminating the need for dose reductions in renal impairment.",10 mg; 20 mg; 40 mg,Tablet,Oral,"Hydrolyzed in the liver and gastrointestinal mucosa to fosinoprilat, which competitively inhibits angiotensin-converting enzyme (ACE), blocking conversion of angiotensin I to angiotensin II and preventing bradykinin degradation.",foe-SIN-oh-pril,-pril,verified
quinapril,Quinapril,Quinapril Hydrochloride,Quinapril hydrochloride,Quinapril hydrochloride,Cardiovascular,"A lipophilic bicyclic prodrug ACE inhibitor with high vascular tissue ACE affinity and endothelial protective actions, used for hypertension and heart failure.",5 mg; 10 mg; 20 mg; 40 mg,Film-coated Tablet,Oral,"De-esterified in the liver to active quinaprilat, a potent competitive inhibitor of angiotensin-converting enzyme (ACE); exhibits extremely high affinity and binding to tissue-bound ACE in vascular endothelium.",KWIN-a-pril,-pril,verified
trandolapril,Trandolapril,Trandolapril,Trandolapril,Trandolapril,Cardiovascular,"An ultra-lipophilic, long-acting non-sulfhydryl ACE inhibitor prodrug proven in the TRACE trial to significantly reduce mortality, sudden cardiac death, and progression to severe heart failure post-MI.",1 mg; 2 mg; 4 mg,Capsule,Oral,"Bioactivated in the liver by ester cleavage to trandolaprilat, an exceptionally potent, slow-dissociating competitive inhibitor of ACE with high tissue affinity; blocks angiotensin II formation and promotes bradykinin-mediated vasodilation.",tran-DOE-la-pril,-pril,verified
benazepril,Benazepril,Benazepril Hydrochloride,Benazepril hydrochloride,Benazepril hydrochloride,Cardiovascular,A potent non-sulfhydryl ACE inhibitor prodrug proven to slow the progression of chronic renal insufficiency in non-diabetic kidney disease (AIPRI trial).,5 mg; 10 mg; 20 mg; 40 mg,Film-coated Tablet,Oral,"Cleaved by hepatic esterases to active benazeprilat, which competitively inhibits ACE, preventing conversion of angiotensin I to angiotensin II and reducing sympathetic outflow and aldosterone production.",ben-AY-ze-pril,-pril,verified
irbesartan,Irbesartan,Irbesartan,Irbesartan,Irbesartan,Cardiovascular,"A potent, non-peptide AT1-receptor blocker with insurmountable binding and high oral bioavailability (60-80%), proven to halt the progression of diabetic nephropathy (IDNT and IRMA-2 trials).",75 mg; 150 mg; 300 mg,Tablet,Oral,"Selectively and insurmountably blocks angiotensin II type 1 (AT1) receptors in vascular smooth muscle and the adrenal gland, blocking angiotensin II-mediated vasoconstriction and aldosterone synthesis.",ir-be-SAR-tan,-sartan,verified
eprosartan,Eprosartan,Eprosartan Mesylate,Eprosartan mesylate,Eprosartan mesylate,Cardiovascular,"A non-biphenyl, non-tetrazole AT1-receptor blocker with dual postsynaptic AT1 and presynaptic sympathoinhibitory properties, effective for isolated systolic hypertension and stroke prevention (MOSES trial).",400 mg; 600 mg,Film-coated Tablet,Oral,"Competitively and selectively blocks AT1 receptors postsynaptically, preventing angiotensin II vasoconstriction; uniquely blocks presynaptic AT1 receptors on sympathetic nerve terminals, inhibiting norepinephrine release and sympathetic tone.",ep-roe-SAR-tan,-sartan,verified
azilsartan,Azilsartan,Azilsartan Medoxomil,Azilsartan medoxomil,Azilsartan medoxomil,Cardiovascular,"An advanced ester prodrug ARB with the tightest, longest-lasting AT1-receptor binding kinetics in its class, delivering superior 24-hour blood pressure reduction compared to valsartan and olmesartan.",40 mg; 80 mg,Tablet,Oral,"Rapidly hydrolyzed by esterases in the gastrointestinal tract and liver to active azilsartan; binds with exceptional affinity and an extremely slow dissociation rate to the AT1 receptor, providing insurmountable and sustained receptor blockade.",a-ZIL-sar-tan,-sartan,verified
lercanidipine,Lercanidipine,Lercanidipine Hydrochloride,Lercanidipine hydrochloride,Lercanidipine hydrochloride,Cardiovascular,"A highly lipophilic, third-generation dihydropyridine calcium channel blocker that integrates into the cell membrane lipid bilayer, providing smooth 24-hour vasodilation with minimal pedal oedema.",10 mg; 20 mg,Film-coated Tablet,Oral,"Inhibits transmembrane calcium influx through L-type calcium channels in vascular smooth muscle; high lipophilicity causes it to dissolve in the membrane lipid bilayer, creating a local drug reservoir that diffuses slowly to receptor sites.",ler-ka-NI-di-peen,-dipine,verified
felodipine,Felodipine,Felodipine,Felodipine,Felodipine,Cardiovascular,"A second-generation dihydropyridine calcium channel blocker with exceptional vascular selectivity (100:1 vascular to cardiac smooth muscle ratio), used once daily in extended-release form for hypertension and angina.",2.5 mg ER; 5 mg ER; 10 mg ER,Extended-Release Tablet,Oral,"Selectively blocks voltage-gated L-type calcium channels in vascular smooth muscle cells, inhibiting calcium influx and causing arteriolar dilation; has 100-fold higher selectivity for vascular smooth muscle than myocardial tissue.",fe-LOE-di-peen,-dipine,verified
nitrendipine,Nitrendipine,Nitrendipine,Nitrendipine,Nitrendipine,Cardiovascular,A classical dihydropyridine calcium channel blocker proven in the landmark Syst-Eur trial to reduce stroke by 42% and vascular dementia by 50% in elderly patients with isolated systolic hypertension.,10 mg; 20 mg,Tablet,Oral,"Inhibits L-type calcium channel current in vascular smooth muscle, decreasing intracellular calcium availability and producing arteriolar vasodilation and reduced total peripheral resistance.",nye-TREN-di-peen,-dipine,verified
metolazone,Metolazone,Metolazone,Metolazone,Metolazone,Cardiovascular,"A potent quinazoline-sulfonamide diuretic that acts on the proximal and distal tubules, uniquely retaining efficacy even in advanced renal failure (eGFR < 30 mL/min) and creating massive synergy with loop diuretics.",2.5 mg; 5 mg,Tablet,Oral,Inhibits sodium and chloride reabsorption in the cortical diluting segment of the distal convoluted tubule and proximal tubule; unique quinazoline structure allows it to remain active at low glomerular filtration rates.,me-TOE-la-zone,-zone,verified
acetazolamide,Acetazolamide,Acetazolamide,Acetazolamide,Acetazolamide,Cardiovascular,"A prototypical carbonic anhydrase inhibitor that blocks bicarbonate reabsorption in the proximal tubule, used for acute mountain sickness, glaucoma, metabolic alkalosis, and idiopathic intracranial hypertension.",250 mg; 500 mg SR; 500 mg IV vial,Tablet; Extended-Release Capsule; Powder for Injection,Oral; Intravenous,"Non-competitively and reversibly inhibits carbonic anhydrase (predominantly CA-II and CA-IV) in the renal proximal tubule, ciliary body of the eye, and choroid plexus; blocks H+ ion exchange for Na+, promoting urinary excretion of bicarbonate, sodium, potassium, and water.",a-see-ta-ZOLE-a-mide,-zolamide,verified
isosorbide-mononitrate,Isosorbide Mononitrate (ISMN),Isosorbide Mononitrate Sustained Release,Isosorbide mononitrate,Isosorbide mononitrate,Cardiovascular,"An active organic nitrate vasodilator with 100% oral bioavailability and zero hepatic first-pass metabolism, providing predictable long-term prophylaxis for stable coronary artery disease.",20 mg; 30 mg SR; 60 mg SR,Tablet; Sustained-Release Tablet,Oral,"Denitrated intracellularly in vascular smooth muscle to release nitric oxide (NO); NO stimulates soluble guanylyl cyclase, increasing cyclic GMP (cGMP), leading to dephosphorylation of myosin light chains and marked venodilation.",eye-soe-SOR-bide mon-oh-NYE-trate,-nitrate,verified
isosorbide-dinitrate,Isosorbide Dinitrate (ISDN),Isosorbide Dinitrate,Isosorbide dinitrate,Isosorbide dinitrate,Cardiovascular,An organic nitrate vasodilator used sublingually for acute angina relief and orally combined with hydralazine (BiDil) to significantly reduce mortality in Black patients with heart failure (A-HeFT trial).,5 mg sublingual; 10 mg; 20 mg; 40 mg SR,Sublingual Tablet; Immediate-Release Tablet; Sustained-Release Tablet,Sublingual; Oral,"Releases free nitric oxide in vascular smooth muscle, stimulating guanylyl cyclase to produce cGMP; selectively dilates venous capacitance vessels to decrease preload, and dilates large epicardial coronary arteries.",eye-soe-SOR-bide dye-NYE-trate,-nitrate,verified
nitroglycerin,Nitroglycerin (Glyceryl Trinitrate - GTN),Nitroglycerin (Glyceryl Trinitrate),Nitroglycerin,Nitroglycerin,Cardiovascular,"The foundational rapid-acting organic nitrate vasodilator used sublingually for immediate termination of acute angina attacks and intravenously for acute heart failure, pulmonary oedema, and hypertensive emergencies.","0.4 mg (400 mcg) sublingual tablet; 0.4 mg/metered dose sublingual spray; 5 mg/mL (5 mL, 10 mL IV ampoules); 2.5 mg, 6.5 mg sustained release; 5 mg/24h, 10 mg/24h transdermal patch; 2% ointment",Sublingual Tablet; Sublingual Aerosol Spray; Solution for Injection / Infusion; Transdermal Patch; Topical Ointment,Sublingual; Intravenous; Transdermal; Topical,"Denitrated in vascular smooth muscle by mitochondrial aldehyde dehydrogenase (ALDH-2) to release nitric oxide (NO); stimulates guanylyl cyclase, increasing intracellular cGMP and causing profound venous dilation, lowering preload and ventricular wall stress; dilates coronary collaterals.",nye-troe-GLIS-er-in,-glycerin,verified
nicorandil,Nicorandil,Nicorandil,Nicorandil,Nicorandil,Cardiovascular,"A dual-action potassium channel opener and organic nitrate donor that provides balanced arterial and venous dilation without developing nitrate tolerance, proven to reduce major coronary events (IONA study).",5 mg; 10 mg,Scored Tablet,Oral,"Dual mechanism: opens ATP-sensitive potassium channels (K-ATP) in arterial smooth muscle causing hyperpolarization and arteriolar dilation (reduces afterload and mimics ischemic preconditioning), AND contains a nitrate moiety that donates nitric oxide (NO) causing venodilation (reduces preload) and coronary vasodilation.",nye-KOR-an-dil,-andil,verified
ranolazine,Ranolazine,Ranolazine Extended-Release,Ranolazine,Ranolazine,Cardiovascular,"A first-in-class late inward sodium current (INa-late) inhibitor that reduces intracellular calcium overload in ischemic cardiomyocytes, improving myocardial perfusion without lowering heart rate or blood pressure.",500 mg ER; 1000 mg ER,Extended-Release Tablet,Oral,"Selectively inhibits the late inward sodium current (late INa) in ischemic myocardial cells, preventing sodium accumulation, reversing reverse Na+/Ca2+ exchange, and attenuating intracellular calcium overload; reduces diastolic wall tension and mechanical compression of microvascular coronary vessels.",ra-NOE-la-zeen,-azine,verified
trimetazidine,Trimetazidine,Trimetazidine Modified Release,Trimetazidine dihydrochloride,Trimetazidine dihydrochloride,Cardiovascular,"A cellular anti-ischemic metabolic agent that shifts myocardial energy metabolism from fatty acid oxidation to glucose oxidation, protecting cardiomyocytes against ischemia without hemodynamic effects.",20 mg; 35 mg MR; 80 mg OD,Film-coated Tablet; Modified-Release Tablet,Oral,"Selectively inhibits mitochondrial long-chain 3-ketoacyl-CoA thiolase (3-KAT), suppressing fatty acid beta-oxidation; shifts cellular energy production toward glucose oxidation, which requires less oxygen per ATP molecule produced, optimizing cardiomyocyte energy during ischemia.",trye-MET-a-zi-deen,-zidine,verified
daclatasvir,Daclatasvir,Daclatasvir Dihydrochloride,Daclatasvir dihydrochloride,Daclatasvir dihydrochloride,Antivirals,"A potent direct-acting antiviral targeting HCV non-structural protein 5A (NS5A), combined with sofosbuvir for pan-genotypic Hepatitis C cures.",30 mg; 60 mg,Film-coated Tablet,Oral,"Binds to the N-terminus of Domain I of the HCV NS5A replication complex, inhibiting both viral RNA replication and virion assembly.",da-KLA-tas-veer,-asvir,verified
tenofovir-alafenamide,Tenofovir Alafenamide (TAF),Tenofovir Alafenamide Fumarate,Tenofovir alafenamide fumarate,Tenofovir alafenamide fumarate,Antivirals,"A targeted nucleotide reverse transcriptase inhibitor (NRTI) prodrug delivering higher intracellular levels with 90% lower systemic tenofovir exposure, reducing renal and bone toxicities.",25 mg,Film-coated Tablet,Oral,"Hydrolyzed intracellularly by carboxylesterase 1 (CES1) and cathepsin A in PBMCs and hepatocytes to tenofovir, which is diphosphorylated to tenofovir diphosphate; inhibits HBV reverse transcriptase and HIV-1 reverse transcriptase by chain termination.",te-NOE-foe-veer a-la-FEN-a-mide,-fovir,verified
adefovir,Adefovir Dipivoxil,Adefovir Dipivoxil,Adefovir dipivoxil,Adefovir dipivoxil,Antivirals,"An oral acyclic nucleotide analogue used for chronic Hepatitis B, particularly effective against lamivudine-resistant YMDD mutant HBV strains.",10 mg,Tablet,Oral,"Diester prodrug converted intracellularly by esterases to adefovir, which is phosphorylated to adefovir diphosphate; competitively inhibits HBV DNA polymerase and causes chain termination.",a-DEF-oh-veer,-fovir,verified
lamivudine,Lamivudine (3TC),Lamivudine,Lamivudine,Lamivudine,Antivirals,A classical cytidine nucleoside reverse transcriptase inhibitor (NRTI) used in combination regimens for HIV-1 infection and as a lower-dose agent for chronic Hepatitis B.,100 mg (HBV); 150 mg; 300 mg (HIV); 10 mg/mL oral solution,Film-coated Tablet; Oral Solution,Oral,"Phosphorylated intracellularly to lamivudine 5'-triphosphate, which competitively inhibits HIV-1 reverse transcriptase and HBV DNA polymerase, causing viral DNA chain termination.",la-MI-vyoo-deen,-vudine,verified
praziquantel,Praziquantel,Praziquantel,Praziquantel,Praziquantel,Antiparasitics,"The global broad-spectrum anthelmintic of choice for schistosomiasis, liver and lung flukes, and cestode (tapeworm) infections including neurocysticercosis.",600 mg,Film-coated Scored Tablet,Oral,"Increases cell membrane permeability to calcium ions in platyhelminths, producing rapid calcium influx, massive muscular contraction, paralysis, and tegumental vacuolization; dislodges parasites, exposing them to host immune attack.",pra-zi-KWAN-tel,-quantel,verified
ornidazole,Ornidazole,Ornidazole,Ornidazole,Ornidazole,Antiparasitics,"A 5-nitroimidazole derivative with a longer half-life (14 hours) and lower neurotoxicity than metronidazole, widely used in India for amoebiasis, giardiasis, and anaerobic infections.",500 mg; 500 mg/100 mL IV infusion,Film-coated Tablet; Solution for Infusion,Oral; Intravenous,"Enters microbial cells by passive diffusion; nitro group is reduced by ferredoxin oxidoreductase into toxic free radicals that bind to bacterial and protozoan DNA, causing strand breakage and cell death.",or-NI-da-zole,-dazole,verified
pyrantel-pamoate,Pyrantel Pamoate,Pyrantel Pamoate,Pyrantel pamoate,Pyrantel pamoate,Antiparasitics,"A depolarizing neuromuscular blocking anthelmintic that paralyzes pinworms, roundworms, and hookworms in the intestinal lumen, expelled safely by normal peristalsis.",250 mg; 50 mg/mL oral suspension,Chewable Tablet; Oral Suspension,Oral,"Acts as a depolarizing neuromuscular junction blocker and nicotinic acetylcholine receptor agonist in nematodes; causes persistent muscular depolarization, spastic paralysis, and detachment from the intestinal wall.",pye-RAN-tel PAM-oh-ate,-antel,verified
ciclopirox,Ciclopirox,Ciclopirox Olamine,Ciclopirox olamine,Ciclopirox olamine,Antifungals,"A broad-spectrum hydroxypyridone antifungal with a unique metal ion-chelating mechanism, anti-inflammatory and antibacterial activity, used for onychomycosis, seborrheic dermatitis, and tinea.",8% nail lacquer; 1% cream; 1% shampoo; 0.77% gel,Nail Lacquer; Topical Cream; Medicated Shampoo; Topical Gel,Topical,"Chelates polyvalent cations (Fe3+ and Al3+), inhibiting metal-dependent enzymes (cytochromes, catalase, peroxidase) in fungal mitochondria; disrupts membrane transport and electron transport chains.",sye-kloe-PEER-ox,-pirox,verified
nystatin,Nystatin,Nystatin,Nystatin,Nystatin,Antifungals,"A classical polyene macrolide antifungal not absorbed from the gastrointestinal tract, serving as the gold standard topical and oral suspension treatment for oral candidiasis (thrush).","100,000 units/mL oral suspension; 100,000 units/g topical cream; 100,000 units vaginal tablet",Oral Suspension; Topical Cream; Topical Ointment; Vaginal Tablet,Oral (Topical Swish and Swallow); Topical; Vaginal,"Binds irreversibly to ergosterol in the fungal cell membrane, forming transmembrane pores and barrel-like channels that leak potassium and essential cellular constituents, causing fungal cell death.",nye-STAT-in,-statin,verified
favipiravir,Favipiravir,Favipiravir,Favipiravir,Favipiravir,Antivirals,"An oral pyrazinecarboxamide antiviral prodrug that selectively inhibits viral RNA-dependent RNA polymerase (RdRp), approved for novel or re-emerging pandemic influenza strains.",200 mg; 400 mg; 800 mg,Film-coated Tablet,Oral,"Phosphoribosylated intracellularly to active favipiravir ribofuranosyltriphosphate (favipiravir-RTP), which selectively inhibits viral RNA-dependent RNA polymerase (RdRp) or incorporates into viral RNA, causing chain termination and lethal mutagenesis.",fa-vi-PEER-a-veer,-piravir,verified
amiodarone,Amiodarone,Amiodarone Hydrochloride,Amiodarone hydrochloride,Amiodarone hydrochloride,Antiarrhythmics,"A broad-spectrum Class III antiarrhythmic with electrophysiologic properties spanning all four Vaughan Williams classes, widely used for refractory ventricular and supraventricular arrhythmias.",100 mg; 200 mg; 150 mg/3 mL IV ampoule,Tablet; Solution for Injection,Oral; Intravenous,"Predominantly blocks myocardial outward potassium currents (IKr, IKs), prolonging action potential duration and refractory period; additionally blocks inactivated sodium channels (Class I), non-competitively blocks beta receptors (Class II), and inhibits L-type calcium channels (Class IV).",a-MEE-oh-da-rone,-arone,verified
flecainide,Flecainide,Flecainide Acetate,Flecainide acetate,Flecainide acetate,Antiarrhythmics,"A potent Class IC antiarrhythmic with marked sodium channel blockade and slow dissociation kinetics, used as the first-line 'pill-in-the-pocket' for paroxysmal atrial fibrillation in structurally normal hearts.",50 mg; 100 mg; 150 mg,Tablet,Oral,"Markedly blocks open fast inward voltage-gated sodium channels (Nav1.5) with slow dissociation kinetics; significantly slows phase 0 depolarization and His-Purkinje conduction velocity; also blocks cardiac ryanodine receptor (RyR2), suppressing spontaneous calcium release from sarcoplasmic reticulum.",FLEK-a-nide,-inide,verified
propafenone,Propafenone,Propafenone Hydrochloride,Propafenone hydrochloride,Propafenone hydrochloride,Antiarrhythmics,"A Class IC antiarrhythmic with intrinsic mild beta-blocking and local anesthetic properties, used for maintaining sinus rhythm in atrial fibrillation and supraventricular tachycardias.",150 mg; 300 mg; 225 mg SR; 325 mg SR; 425 mg SR,Film-coated Tablet; Extended-Release Capsule,Oral,"Blocks fast inward sodium channels (Class IC) with slow recovery kinetics, slowing phase 0 depolarization; structurally similar to propranolol, exerting mild non-selective beta-adrenergic blockade (approx. 1/40th the potency of propranolol).",proe-pa-FEN-one,-fenone,verified
dronedarone,Dronedarone,Dronedarone Hydrochloride,Dronedarone hydrochloride,Dronedarone hydrochloride,Antiarrhythmics,"A non-iodinated benzofuran derivative of amiodarone designed to reduce multiorgan thyroid and pulmonary toxicities, used to maintain sinus rhythm in paroxysmal or persistent atrial fibrillation.",400 mg,Film-coated Tablet,Oral,"Exhibits multichannel antiarrhythmic activity across all four Vaughan Williams classes (blocks IKr, IKs, INa, ICa, and possesses non-competitive antiadrenergic activity); lacks the iodine moieties of amiodarone and incorporates a methane-sulfonyl group to reduce lipophilicity.",droe-NE-da-rone,-darone,verified
adenosine,Adenosine,Adenosine Injection,Adenosine,Adenosine,Antiarrhythmics,"An endogenous purine nucleoside with an ultra-short half-life (<10 seconds) that transiently blocks AV nodal conduction, serving as the gold standard acute rescue agent for paroxysmal supraventricular tachycardia (PSVT).","3 mg/mL (2 mL vial = 6 mg, 4 mL vial = 12 mg)",Solution for Rapid IV Bolus Injection,Intravenous (Rapid Push),"Binds to myocardial purinergic A1 receptors coupled to Gi proteins, activating inward rectifier potassium channels (IK-Ado) and inhibiting adenylate cyclase-mediated L-type calcium influx; profoundly slows AV nodal conduction velocity and prolongs AV refractory periods.",a-DEN-oh-seen,-sine,verified
mexiletine,Mexiletine,Mexiletine Hydrochloride,Mexiletine hydrochloride,Mexiletine hydrochloride,Antiarrhythmics,"An orally active Class IB antiarrhythmic and structural analogue of lidocaine, used for life-threatening ventricular arrhythmias, myotonic disorders (non-dystrophic myotonia), and neuropathic pain.",150 mg; 200 mg; 250 mg,Capsule,Oral,"Inhibits fast inward voltage-gated sodium channels (Nav1.5 in myocardium, Nav1.4 in skeletal muscle), shortening action potential duration and effective refractory period in Purkinje fibers; accelerates repolarization and blocks persistent/late sodium currents (INa-late).",mex-IL-e-teen,-letine,verified
lidocaine,Lidocaine (Lignocaine),Lidocaine Hydrochloride 2%,Lidocaine hydrochloride,Lidocaine hydrochloride,Antiarrhythmics,"The quintessential Class IB antiarrhythmic and amide local anesthetic, administered intravenously for acute ventricular arrhythmias during myocardial infarction or cardiac arrest, and topically for regional anesthesia.",2% IV vial (20 mg/mL); 1% IV vial (10 mg/mL); 2% topical gel; 5% transdermal patch; 10% aerosol spray,Solution for Injection; Topical Gel; Transdermal Patch; Aerosol Spray,Intravenous; Topical; Infiltration / Nerve Block,"Binds to the intracellular pore of voltage-gated fast sodium channels (Nav1.5) in cardiac tissue, preferentially binding to open and inactivated channels in depolarized, ischemic, or rapidly firing myocardium; shortens action potential duration and effective refractory period.",LYE-doe-kane,-caine,verified
rivaroxaban,Rivaroxaban,Rivaroxaban,Rivaroxaban,Rivaroxaban,Anticoagulants,An oral direct factor Xa inhibitor (DOAC) taken once daily with the evening meal for stroke prevention in non-valvular atrial fibrillation and treatment/prevention of deep vein thrombosis and pulmonary embolism.,2.5 mg; 10 mg; 15 mg; 20 mg,Film-coated Tablet,Oral,"Selectively, reversibly, and competitively inhibits free and clot-bound factor Xa and prothrombinase activity; blocks the intrinsic and extrinsic coagulation pathways, preventing thrombin generation and fibrin clot propagation.",ri-va-ROX-a-ban,-xaban,verified
apixaban,Apixaban,Apixaban,Apixaban,Apixaban,Anticoagulants,"An oral direct factor Xa inhibitor (DOAC) taken twice daily, proven in the landmark ARISTOTLE trial to be superior to warfarin in reducing stroke, major bleeding, and all-cause mortality in atrial fibrillation.",2.5 mg; 5 mg,Film-coated Tablet,Oral,"Potent, reversible, direct, and highly selective inhibitor of free and clot-bound factor Xa and prothrombinase; decreases thrombin generation and prevents fibrin thrombus development.",a-PIX-a-ban,-xaban,verified
dabigatran,Dabigatran Etexilate,Dabigatran Etexilate Mesylate,Dabigatran etexilate mesylate,Dabigatran etexilate mesylate,Anticoagulants,"An oral direct thrombin (Factor IIa) inhibitor prodrug proven in the RE-LY trial to reduce stroke in non-valvular atrial fibrillation, featuring the rapid specific reversal antidote idarucizumab (Praxbind).",75 mg; 110 mg; 150 mg,Capsule,Oral,"Converted by systemic and hepatic esterases to active dabigatran, a potent, competitive, reversible, direct inhibitor of free and clot-bound thrombin (factor IIa); blocks thrombin-mediated cleavage of fibrinogen to fibrin monomers and inhibits thrombin-induced platelet aggregation.",da-bi-GA-tran,-gatran,verified
edoxaban,Edoxaban,Edoxaban Tosylate,Edoxaban tosylate,Edoxaban tosylate,Anticoagulants,A once-daily oral direct factor Xa inhibitor proven in the ENGAGE AF-TIMI 48 trial for stroke prevention in atrial fibrillation and treatment of venous thromboembolism.,15 mg; 30 mg; 60 mg,Film-coated Tablet,Oral,"Selectively and competitively inhibits factor Xa, blocking the conversion of prothrombin to thrombin; inhibits both free and clot-associated factor Xa activity, suppressing coagulation cascades.",e-DOX-a-ban,-xaban,verified
fondaparinux,Fondaparinux,Fondaparinux Sodium,Fondaparinux sodium,Fondaparinux sodium,Anticoagulants,"A synthetic pentasaccharide that selectively binds antithrombin III to inhibit factor Xa, providing parenteral anticoagulation without causing heparin-induced thrombocytopenia (HIT).",2.5 mg/0.5 mL; 5 mg/0.4 mL; 7.5 mg/0.6 mL; 10 mg/0.8 mL prefilled syringes,Solution for Subcutaneous Injection,Subcutaneous,"Synthetic pentasaccharide sequence that selectively and irreversibly binds to antithrombin III (ATIII), inducing a conformational change that accelerates ATIII-mediated neutralization of factor Xa by 300-fold; does NOT inactivate thrombin (factor IIa) and does NOT bind to platelet factor 4 (PF4).",fon-da-PAR-i-nux,-parinux,verified
heparin,Heparin (Unfractionated Heparin - UFH),Heparin Sodium Injection,Heparin sodium,Heparin sodium,Anticoagulants,"A classical parenteral glycosaminoglycan anticoagulant that binds antithrombin III to inactivate thrombin and factor Xa, serving as the gold standard titratable agent for cardiopulmonary bypass, hemodialysis, and acute thromboembolism.","1,000 units/mL; 5,000 units/mL; 10,000 units/mL; 25,000 units/mL vials",Solution for Injection / Infusion,Intravenous; Subcutaneous,"Binds via a unique pentasaccharide sequence to antithrombin III (ATIII), accelerating ATIII-mediated inactivation of thrombin (factor IIa) and factor Xa by 1,000-fold; requires a long polysaccharide chain (at least 18 saccharide units) to form a ternary bridge complex with thrombin.",HEP-a-rin,-parin,verified
bivalirudin,Bivalirudin,Bivalirudin for Injection,Bivalirudin trifluoroacetate,Bivalirudin trifluoroacetate,Anticoagulants,"A synthetic 20-amino acid parenteral direct thrombin inhibitor (hirudin analogue) with a 25-minute half-life, used as an alternative to heparin in percutaneous coronary intervention (PCI) and HIT.",250 mg vial,Lyophilized Powder for Solution for Injection / Infusion,Intravenous,"Binds specifically, reversibly, and directly to both the catalytic site and the anion-binding exosite I of circulating and clot-bound thrombin (factor IIa); cleavage of the bivalirudin Arg3-Pro4 bond by thrombin slowly restores thrombin active site function.",bye-val-i-ROO-din,-irudin,verified
ticagrelor,Ticagrelor,Ticagrelor,Ticagrelor,Ticagrelor,Antiplatelets,"A direct-acting, reversibly binding P2Y12 platelet inhibitor proven in the landmark PLATO trial to significantly reduce cardiovascular mortality, myocardial infarction, and stroke compared to clopidogrel.",60 mg; 90 mg,Film-coated Tablet,Oral,"Reversibly, allosterically, and non-competitively binds to the platelet P2Y12 adenosine diphosphate (ADP) receptor, locking the receptor in an inactive state; additionally inhibits equilibrative nucleoside transporter-1 (ENT1), increasing extracellular adenosine levels.",tye-ka-GREL-or,-grelor,verified
prasugrel,Prasugrel,Prasugrel Hydrochloride,Prasugrel hydrochloride,Prasugrel hydrochloride,Antiplatelets,"A potent, third-generation thienopyridine oral prodrug that irreversibly inhibits platelet P2Y12 receptors, proven in the TRITON-TIMI 38 trial to superiorly prevent stent thrombosis in acute coronary syndromes undergoing PCI.",5 mg; 10 mg,Film-coated Tablet,Oral,"Prodrug rapidly hydrolyzed by intestinal carboxylesterases to a thiolactone intermediate (R-95913), then converted in a single hepatic step by CYP3A4 and CYP2B6 to active metabolite R-138727; irreversibly binds to platelet P2Y12 ADP receptors, permanently blocking ADP-mediated GPIIb/IIIa receptor activation.",PRA-soo-grel,-grelor,verified
cilostazol,Cilostazol,Cilostazol,Cilostazol,Cilostazol,Antiplatelets,"A selective phosphodiesterase-3 (PDE3) inhibitor that suppresses platelet aggregation and produces arterial vasodilation, serving as the gold standard medical treatment for intermittent claudication.",50 mg; 100 mg,Tablet,Oral,"Selectively inhibits phosphodiesterase type 3 (PDE3), preventing cyclic AMP (cAMP) degradation in platelets and vascular smooth muscle; elevated cAMP activates protein kinase A (PKA), inhibiting platelet aggregation and producing potent arterial vasodilation; also inhibits vascular smooth muscle cell proliferation.",sye-LOE-sta-zol,-azol,verified
dipyridamole,Dipyridamole,Dipyridamole,Dipyridamole,Dipyridamole,Antiplatelets,"A phosphodiesterase inhibitor and adenosine reuptake blocker, combined with low-dose aspirin (Aggrenox) for secondary prevention of stroke, and used intravenously as a pharmacologic stress agent.",25 mg; 50 mg; 75 mg; 200 mg ER (combined with 25 mg aspirin); 10 mg/2 mL IV ampoule,Tablet; Extended-Release Capsule; Solution for Injection,Oral; Intravenous,"Inhibits the uptake of adenosine into erythrocytes, platelets, and endothelial cells, increasing extracellular adenosine concentrations; also inhibits cyclic nucleotide phosphodiesterases (PDE5 and PDE3), increasing intracellular cAMP and cGMP; blocks thromboxane A2 synthesis.",dye-peer-ID-a-mole,-amole,verified
tranexamic-acid,Tranexamic Acid (TXA),Tranexamic Acid Injection / Tablets,Tranexamic acid,Tranexamic acid,Hemostatics,"A synthetic lysine analogue antifibrinolytic that reversibly blocks plasminogen activation, widely used to prevent and treat massive hemorrhage in trauma, surgery, and heavy menstrual bleeding.",500 mg; 650 mg; 500 mg/5 mL IV ampoule; 1000 mg/10 mL IV ampoule,Film-coated Tablet; Solution for Injection,Oral; Intravenous; Topical,"Competitively and reversibly blocks the lysine-binding sites on plasminogen molecules, preventing plasminogen from binding to fibrin; inhibits the conversion of plasminogen to active plasmin and suppresses fibrin clot dissolution (fibrinolysis); at high concentrations, non-competitively inhibits plasmin.",tran-ex-AM-ik AS-id,-xamic,verified
aminocaproic-acid,Aminocaproic Acid (Epsilon-Aminocaproic Acid - EACA),Aminocaproic Acid Injection / Syrup,Aminocaproic acid,Aminocaproic acid,Hemostatics,"A synthetic lysine analogue antifibrinolytic that competitively inhibits plasminogen activation, used for hyperfibrinolytic bleeding, cardiac surgery, and dental procedures in hemophiliacs.",500 mg; 1000 mg; 250 mg/mL oral solution; 250 mg/mL (20 mL IV vial = 5 g),Tablet; Oral Solution; Solution for Injection,Oral; Intravenous,"Competitively inhibits plasminogen activators (tissue plasminogen activator and urokinase) and blocks the lysine-binding sites on plasminogen, preventing its conversion to active plasmin; at high concentrations, directly inhibits plasmin.",a-mee-noe-ka-PROE-ik AS-id,-caproic,verified
lansoprazole,Lansoprazole,Lansoprazole Delayed-Release,Lansoprazole,Lansoprazole,Gastrointestinal,"A substituted benzimidazole proton pump inhibitor (PPI) that suppresses gastric acid secretion, used for GERD, peptic ulcers, and H. pylori eradication.",15 mg; 30 mg; 30 mg orally disintegrating tablet (ODT),Delayed-Release Capsule; Orally Disintegrating Tablet,Oral,"Accumulates in the acidic secretory canaliculi of parietal cells and converts to active sulfenamide; irreversibly binds via disulfide bonds to the H+/K+-ATPase proton pump, blocking the final step of acid secretion.",lan-SOE-pra-zole,-prazole,verified
dexlansoprazole,Dexlansoprazole,Dexlansoprazole Dual Delayed Release,Dexlansoprazole,Dexlansoprazole,Gastrointestinal,"An R-enantiomer proton pump inhibitor featuring Dual Delayed Release (DDR) technology, providing two distinct drug releases over 24 hours and flexible dosing without regard to meals.",30 mg; 60 mg,Dual Delayed-Release Capsule,Oral,"Pure (R)-enantiomer of lansoprazole; selectively inhibits gastric H+/K+-ATPase in parietal cells; unique Dual Delayed Release formulation contains two types of enteric-coated granules: the first release occurs in the duodenum at pH 5.5 (1-2 hours post-dose), and the second release occurs in the distal ileum at pH 6.75 (4-5 hours post-dose).",dex-lan-SOE-pra-zole,-prazole,verified
ilaprazole,Ilaprazole,Ilaprazole,Ilaprazole,Ilaprazole,Gastrointestinal,"A novel third-generation proton pump inhibitor with an extended plasma half-life and non-enzymatic clearance, providing superior nocturnal acid suppression and minimal CYP2C19 drug interactions.",5 mg; 10 mg,Enteric-Coated Tablet,Oral,"Irreversibly inhibits the gastric parietal H+/K+-ATPase pump; contains a pyrrole ring substituent that prolongs binding to sulfhydryl groups on the enzyme, conferring slow dissociation and prolonged antisecretory action.",eye-LA-pra-zole,-prazole,verified
roxatidine,Roxatidine,Roxatidine Acetate Hydrochloride,Roxatidine acetate hydrochloride,Roxatidine acetate hydrochloride,Gastrointestinal,"A potent, competitive histamine H2-receptor antagonist with high oral bioavailability (95-100%) and zero antiandrogenic or CYP450 inhibitory actions, used for peptic ulcers and reflux esophagitis.",75 mg; 150 mg,Film-coated Tablet; Sustained-Release Capsule,Oral,"De-acetylated in the liver and small intestine to active roxatidine, which competitively and selectively blocks histamine H2 receptors on the basolateral membrane of gastric parietal cells; prevents histamine-induced adenylate cyclase activation and cAMP-mediated gastric acid secretion.",rox-A-ti-deen,-tidine,verified
cimetidine,Cimetidine,Cimetidine,Cimetidine,Cimetidine,Gastrointestinal,"The historical prototype histamine H2-receptor antagonist, characterized by potent CYP450 enzyme inhibition and antiandrogenic properties, now largely superseded by cleaner H2 blockers.",200 mg; 400 mg; 800 mg,Film-coated Tablet,Oral,"Competitively blocks histamine H2 receptors on parietal cells, reducing basal, nocturnal, and meal-stimulated gastric acid production; also binds to imidazole receptors and inhibits cytochrome P450 monooxygenases.",sye-MET-i-deen,-tidine,verified
levosulpiride,Levosulpiride,Levosulpiride,Levosulpiride,Levosulpiride,Gastrointestinal,"The levorotatory enantiomer of sulpiride with dual enteric dopamine D2-receptor antagonism and 5-HT4 receptor agonism, widely used in India for functional dyspepsia and diabetic gastroparesis.",25 mg; 75 mg SR; 25 mg/2 mL injection,Tablet; Sustained-Release Capsule; Solution for Injection,Oral; Intramuscular; Intravenous,"Selectively blocks enteric and central dopamine D2 receptors, removing the inhibitory effect of dopamine on gastrointestinal motility; concurrently acts as an agonist at 5-HT4 receptors on enteric cholinergic motor neurons, stimulating acetylcholine release from the myenteric plexus.",lee-voe-SUL-pi-ride,-sulpiride,verified
cinitapride,Cinitapride,Cinitapride Hydrogen Tartrate,Cinitapride hydrogen tartrate,Cinitapride hydrogen tartrate,Gastrointestinal,"A benzamide prokinetic with dual 5-HT4 agonism and 5-HT2 / D2 antagonism, used for functional dyspepsia and GERD with lower extrapyramidal risk than metoclopramide.",1 mg; 3 mg ER,Tablet; Extended-Release Tablet,Oral,"Stimulates gastrointestinal 5-HT4 receptors, promotes acetylcholine release from myenteric plexus neurons, and blocks inhibitory 5-HT2 and dopamine D2 receptors; enhances gastrointestinal motor coordination.",si-NI-ta-pride,-pride,verified
mosapride,Mosapride,Mosapride Citrate,Mosapride citrate,Mosapride citrate,Gastrointestinal,"A selective gastroprokinetic 5-HT4 receptor agonist completely devoid of dopamine D2 and 5-HT1/5-HT2 affinity, providing pure prokinetic relief without extrapyramidal or cardiac QT toxicities.",5 mg,Film-coated Tablet,Oral,"Selectively and potently stimulates 5-HT4 receptors on enteric cholinergic interneurons and motor neurons, stimulating intrinsic acetylcholine release from the myenteric plexus; lacks dopamine D2-receptor antagonist properties and does NOT block HERG potassium channels.",MOE-sa-pride,-pride,verified
granisetron,Granisetron,Granisetron Hydrochloride,Granisetron hydrochloride,Granisetron hydrochloride,Antiemetics,"A potent, highly selective second-generation 5-HT3 receptor antagonist with a 9-hour half-life, used to prevent nausea and vomiting from emetogenic chemotherapy and radiotherapy.",1 mg; 2 mg; 1 mg/mL IV ampoule; 3.1 mg/24h transdermal patch,Film-coated Tablet; Solution for Injection; Transdermal Patch,Oral; Intravenous; Transdermal,Selectively and competitively blocks serotonin 5-HT3 receptors on vagal afferents in the gastrointestinal tract and centrally in the chemoreceptor trigger zone (CTZ) and solitary tract nucleus (NTS); blocks peripheral and central serotonin emetic signaling.,gra-NI-se-tron,-setron,verified
palonosetron,Palonosetron,Palonosetron Hydrochloride,Palonosetron hydrochloride,Palonosetron hydrochloride,Antiemetics,"A potent second-generation 5-HT3 receptor antagonist with a 40-hour half-life and unique receptor allosteric binding, uniquely effective for both acute AND delayed chemotherapy-induced nausea and vomiting.",0.5 mg capsule; 0.25 mg/5 mL IV vial,Soft Gelatin Capsule; Solution for Injection,Oral; Intravenous,High-affinity competitive and allosteric 5-HT3 receptor antagonist (binds with 100-fold higher affinity than ondansetron and granisetron); induces 5-HT3 receptor internalization and cross-talk inhibition with substance P (NK1) pathways.,pa-loe-NOE-se-tron,-setron,verified
rolapitant,Rolapitant,Rolapitant Hydrochloride,Rolapitant hydrochloride,Rolapitant hydrochloride,Antiemetics,"A long-acting neurokinin-1 (NK1) receptor antagonist with an ultra-long 169-hour (7-day) half-life that does not inhibit CYP3A4, combined with a 5-HT3 antagonist and dexamethasone for highly emetogenic chemotherapy.",90 mg (two tablets = 180 mg),Film-coated Tablet,Oral,Selectively and competitively blocks substance P from binding to neurokinin-1 (NK1) receptors in the chemoreceptor trigger zone (CTZ) and solitary tract nucleus in the brainstem; does NOT inhibit or induce CYP3A4.,roe-LA-pi-tant,-pitant,verified
polyethylene-glycol,Polyethylene Glycol 3350 (PEG 3350),PEG 3350 Powder for Oral Solution,Polyethylene glycol 3350,Polyethylene glycol 3350,Gastrointestinal,"An unabsorbable, non-fermentable osmotic laxative that retains water in the intestinal lumen, serving as the gold standard first-line treatment for chronic constipation and bowel preparation.","17 g powder sachet; 119 g, 255 g, 510 g bulk powder bottles",Powder for Oral Solution,Oral,"High molecular weight linear polymer of ethylene glycol that forms hydrogen bonds with water molecules; remains entirely within the intestinal lumen without being absorbed, metabolized, or fermented by gut microbiota; creates an osmotic gradient that retains water inside the stool.",pol-ee-ETH-i-leen GLYE-kol,-glycol,verified
sodium-picosulfate,Sodium Picosulfate,Sodium Picosulfate Oral Solution / Drops,Sodium picosulfate,Sodium picosulfate,Gastrointestinal,"A locally acting stimulant laxative prodrug converted by colonic bacteria to active bis-(p-hydroxyphenyl)-pyridyl-2-methane (BHPM), used for constipation and bowel cleansing.",5 mg; 10 mg; 7.5 mg/mL oral drops,Tablet; Oral Drops; Powder for Oral Solution (with Magnesium Citrate),Oral,"Inert prodrug that traverses the stomach and small intestine unabsorbed; converted specifically in the colon by bacterial arylsulfatases into active bis-(p-hydroxyphenyl)-pyridyl-2-methane (BHPM); stimulates mucosal nerve endings (myenteric plexus), accelerating colonic peristalsis and reducing water absorption.",SOE-dee-um pye-koe-SUL-fate,-sulfate,verified
prucalopride,Prucalopride,Prucalopride Succinate,Prucalopride succinate,Prucalopride succinate,Gastrointestinal,"A first-in-class, highly selective 5-HT4 receptor agonist that stimulates high-amplitude propagating contractions (HAPCs), serving as the premier enterokinetic agent for chronic idiopathic constipation.",1 mg; 2 mg,Film-coated Tablet,Oral,Selectively and potently binds to 5-HT4 receptors on enteric neurons (with >150-fold selectivity over all other 5-HT and dopamine receptors); triggers proximal colonic high-amplitude propagating contractions (HAPCs) and enhances colonic mass movements.,proo-KAL-oh-pride,-pride,verified
linaclotide,Linaclotide,Linaclotide Capsules,Linaclotide,Linaclotide,Gastrointestinal,"A 14-amino acid synthetic peptide guanylate cyclase-C (GC-C) agonist that increases intestinal fluid secretion and decreases visceral pain, used for IBS with constipation (IBS-C).",72 mcg; 145 mcg; 290 mcg,Capsule,Oral,"Binds to and activates guanylate cyclase-C (GC-C) receptors on the luminal surface of intestinal enterocytes, elevating intracellular cyclic GMP (cGMP); cGMP activates CFTR (cystic fibrosis transmembrane conductance regulator), stimulating secretion of chloride and bicarbonate into the lumen, pulling water into the bowel; extracellular cGMP inhibits pain-sensing visceral nociceptive nerves.",li-na-KLOE-tide,-clotide,verified
lubiprostone,Lubiprostone,Lubiprostone Soft Gelatin Capsules,Lubiprostone,Lubiprostone,Gastrointestinal,"A bicyclic fatty acid prostaglandin E1 derivative that selectively activates type-2 chloride channels (ClC-2), stimulating mucosal fluid secretion for chronic constipation, IBS-C, and opioid constipation.",8 mcg; 24 mcg,Soft Gelatin Capsule,Oral,"Selectively activates type-2 chloride channels (ClC-2) on the apical membrane of human intestinal epithelial cells, triggering active chloride and passive sodium/water efflux into the intestinal lumen; promotes mucosal healing and restores tight junction barrier integrity.",loo-bi-PROS-tone,-prostone,verified
racecadotril,Racecadotril (Acetorphan),Racecadotril Capsules / Sachets,Racecadotril,Racecadotril,Gastrointestinal,"An oral enkephalinase inhibitor prodrug that prevents the breakdown of endogenous enkephalins, acting as a pure antisecretory antidiarrheal without slowing intestinal transit or causing rebound constipation.",10 mg sachet; 30 mg sachet; 100 mg capsule,Capsule; Oral Granules Sachet,Oral,"Prodrug rapidly hydrolyzed by systemic esterases to thiorphan, an active inhibitor of neutral endopeptidase (enkephalinase); prevents the degradation of endogenous opioid enkephalins in the intestinal mucosal wall; elevated enkephalins activate delta-opioid receptors, selectively suppressing cholera toxin- and rotavirus-induced hypersecretion of water and electrolytes.",ra-se-KA-doe-tril,-cadotril,verified
dicyclomine,Dicyclomine (Dicycloverine),Dicyclomine Hydrochloride,Dicyclomine hydrochloride,Dicyclomine hydrochloride,Gastrointestinal,"A dual-action anticholinergic and direct smooth muscle relaxant antispasmodic, used for intestinal colic, biliary colic, and abdominal cramping in irritable bowel syndrome.",10 mg; 20 mg; 10 mg/5 mL syrup; 10 mg/mL injection,Tablet; Capsule; Oral Syrup; Solution for Injection,Oral; Intramuscular,"Acts via a dual mechanism: competitively antagonizes muscarinic M1, M2, and M3 acetylcholine receptors on visceral smooth muscle, AND exerts a direct, non-competitive musculotropic spasmolytic effect on smooth muscle fibers.",dye-SYE-kloe-meen,-mine,verified
drotaverine,Drotaverine,Drotaverine Hydrochloride,Drotaverine hydrochloride,Drotaverine hydrochloride,Gastrointestinal,"A selective phosphodiesterase-4 (PDE4) inhibitor antispasmodic that relaxes visceral smooth muscle without anticholinergic side effects, widely used for biliary, renal, and gastrointestinal colic.",40 mg; 80 mg; 40 mg/2 mL IV/IM ampoule,Tablet; Solution for Injection,Oral; Intramuscular; Intravenous,"Selectively inhibits phosphodiesterase type 4 (PDE4) in visceral smooth muscle cells, preventing cyclic AMP (cAMP) breakdown; elevated intracellular cAMP phosphorylates myosin light-chain kinase (MLCK), inactivating it and causing smooth muscle relaxation; completely lacks antimuscarinic activity.",droe-TAV-e-reen,-averine,verified
mebeverine,Mebeverine,Mebeverine Hydrochloride,Mebeverine hydrochloride,Mebeverine hydrochloride,Gastrointestinal,"A musculotropic antispasmodic with dual sodium-channel blocking and intracellular calcium store-depleting actions, specifically normalizing colonic motility in irritable bowel syndrome without systemic anticholinergic effects.",135 mg; 200 mg SR,Tablet; Modified-Release Capsule,Oral,Exerts a direct musculotropic antispasmodic action on gastrointestinal smooth muscle cells: blocks voltage-operated fast sodium channels (inhibiting spasm) AND inhibits calcium influx and intracellular calcium release from sarcoplasmic reticulum; also blocks noradrenaline reuptake locally.,me-BEV-er-een,-verine,verified
otilonium-bromide,Otilonium Bromide,Otilonium Bromide,Otilonium bromide,Otilonium bromide,Gastrointestinal,"A quaternary ammonium antispasmodic with dual L-type calcium channel and tachykinin NK2 receptor antagonism, acting locally in the gut lumen with near-zero systemic absorption for IBS.",40 mg,Film-coated Tablet,Oral,"Triple action: blocks L-type and T-type voltage-gated calcium channels in intestinal smooth muscle cells, antagonizes tachykinin neurokinin-2 (NK2) receptors, and mildly antagonizes muscarinic M3 receptors in the colon wall.",oh-ti-LOE-nee-um BROE-mide,-ium,verified
chlordiazepoxide-clidinium,Chlordiazepoxide and Clidinium Bromide (Librax),Chlordiazepoxide 5 mg + Clidinium 2.5 mg Capsules,Chlordiazepoxide and clidinium bromide,Chlordiazepoxide hydrochloride and clidinium bromide,Gastrointestinal,"A synergistic fixed-dose combination of a central anxiolytic benzodiazepine and a peripheral anticholinergic antispasmodic, used for stress-triggered irritable bowel syndrome and peptic ulcer disease.",5 mg chlordiazepoxide + 2.5 mg clidinium bromide,Capsule,Oral,"Chlordiazepoxide enhances GABA-A receptor opening frequency in the limbic system, dampening brain-gut stress axis activation and central anxiety; clidinium bromide competitively blocks muscarinic M3 receptors on gastrointestinal smooth muscle and secretory glands, suppressing bowel spasms and gastric acid.",klor-dye-az-e-POX-ide kli-DI-nee-um,-poxide,verified
ursodeoxycholic-acid,Ursodeoxycholic Acid (UDCA / Ursodiol),Ursodeoxycholic Acid,Ursodeoxycholic acid,Ursodeoxycholic acid,Hepatology,"A naturally occurring hydrophilic tertiary bile acid that displaces toxic hydrophobic bile salts, serving as the gold standard first-line disease-modifying treatment for primary biliary cholangitis (PBC).",150 mg; 300 mg; 600 mg,Film-coated Tablet; Tablet,Oral,"Multiple hepatoprotective mechanisms: replaces toxic hydrophobic bile acids (cholic, deoxycholic, chenodeoxycholic acid) in the circulating bile acid pool; stimulates hepatobiliary secretion and bicarbonate secretion ('bicarbonate umbrella'); suppresses hepatocyte and cholangiocyte apoptosis; solubilizes cholesterol into liquid-crystalline mesophases, promoting dissolution of cholesterol gallstones.",ur-soe-dee-ox-ee-KOE-lik AS-id,-cholic,verified
obeticholic-acid,Obeticholic Acid (OCA),Obeticholic Acid,Obeticholic acid,Obeticholic acid,Hepatology,"A potent semi-synthetic farnesoid X receptor (FXR) agonist that suppresses bile acid synthesis and enhances biliary output, used for primary biliary cholangitis unresponsive to UDCA.",5 mg; 10 mg,Film-coated Tablet,Oral,"Binds directly and potently to the nuclear farnesoid X receptor (FXR) with 100-fold higher affinity than chenodeoxycholic acid; activation of FXR down-regulates cholesterol 7-alpha-hydroxylase (CYP7A1), the rate-limiting enzyme in bile acid synthesis, and up-regulates bile salt export pump (BSEP) and fibroblast growth factor 19 (FGF19).",oh-BET-i-KOE-lik AS-id,-cholic,verified
silymarin,Silymarin (Milk Thistle Extract),Silymarin Capsules / Tablets,"Silymarin (flavonolignans: silybin, silychristin, silydianin)",Silymarin extract,Hepatology,"A standardized botanical extract of Silybum marianum containing flavonolignans (silybin) with potent antioxidant, membrane-stabilizing, and antifibrotic hepatoprotective properties.",70 mg; 140 mg,Capsule; Film-coated Tablet,Oral,"Multiple hepatoprotective actions: scavenges free radicals, prevents lipid peroxidation of hepatocyte membranes, stimulates RNA polymerase I to accelerate ribosomal protein synthesis and liver regeneration, and inhibits nuclear factor-kappa B (NF-kB) to suppress inflammatory cytokines and hepatic stellate cell activation.",sil-i-MA-rin,-marin,verified
indacaterol,Indacaterol,Indacaterol Maleate Inhalation Powder,Indacaterol maleate,Indacaterol maleate,Respiratory,An ultra-long-acting beta-2 adrenergic agonist (ultra-LABA) providing fast-onset (5 minutes) and 24-hour bronchodilation for once-daily maintenance therapy in COPD.,75 mcg; 150 mcg; 300 mcg inhalation capsules,Dry Powder Inhaler (DPI) Capsule,Inhalation,"Selective agonist at beta-2 adrenergic receptors on bronchial smooth muscle; stimulates intracellular adenylate cyclase to convert ATP to cAMP, activating protein kinase A (PKA); reduces intracellular calcium and induces profound bronchial relaxation.",in-da-KA-ter-ol,-caterol,verified
vilanterol,Vilanterol,Vilanterol Trifenatate (in Breo / Anoro Ellipta),Vilanterol trifenatate,Vilanterol trifenatate,Respiratory,"An ultra-long-acting beta-2 agonist (ultra-LABA) with 24-hour bronchodilation, co-formulated with fluticasone furoate (Breo) or umeclidinium (Anoro) in the once-daily Ellipta dry powder inhaler.",25 mcg (co-formulated with fluticasone furoate or umeclidinium),Dry Powder Inhaler (Ellipta),Inhalation,"Highly selective, long-acting beta-2 adrenergic receptor agonist; stimulates intracellular adenylate cyclase, elevating cyclic AMP; relaxes bronchial smooth muscle and inhibits release of inflammatory mediators from mast cells.",vil-AN-ter-ol,-terol,verified
olodaterol,Olodaterol,Olodaterol Inhalation Solution (Striverdi Respimat),Olodaterol hydrochloride,Olodaterol hydrochloride,Respiratory,"A once-daily ultra-long-acting beta-2 agonist delivered via the propellant-free Respimat Soft Mist Inhaler, providing 24-hour bronchodilation for COPD.",2.5 mcg per actuation (dose = 2 puffs = 5 mcg),Inhalation Solution (Respimat Soft Mist Inhaler),Inhalation,"Highly selective and potent beta-2 adrenergic receptor agonist; binds with high affinity to human beta-2 receptors (241-fold higher selectivity over beta-1); stimulates adenylate cyclase, elevating cAMP and relaxing airway smooth muscle.",oh-loe-DA-ter-ol,-terol,verified
glycopyrronium,Glycopyrronium (Glycopyrrolate),Glycopyrronium Inhalation Powder / Injection,Glycopyrronium bromide,Glycopyrronium bromide,Respiratory,"A quaternary ammonium long-acting muscarinic antagonist (LAMA) with fast onset and high M3-receptor selectivity, used as once-daily maintenance for COPD and parenterally to reduce secretions.","50 mcg inhalation capsule (Seebri Breezhaler); 0.2 mg/mL IV/IM vial; 1 mg, 2 mg oral tablets",Inhalation Powder; Solution for Injection; Oral Tablet,Inhalation; Intravenous; Intramuscular; Oral,"Quaternary ammonium antimuscarinic agent; competitively and reversibly blocks muscarinic M3 receptors on airway smooth muscle cells, inhibiting acetylcholine-induced bronchoconstriction; dissociates significantly faster from M2 receptors than M3 receptors, ensuring prolonged bronchodilation without tachycardia.",glye-koe-pye-ROE-nee-um,-nium,verified
aclidinium,Aclidinium,Aclidinium Bromide Inhalation Powder (Tudorza Pressair),Aclidinium bromide,Aclidinium bromide,Respiratory,"A long-acting muscarinic antagonist (LAMA) rapidly hydrolyzed in human plasma by butyrylcholinesterase, providing potent local bronchodilation with near-zero systemic anticholinergic side effects.",400 mcg per actuation,Dry Powder Inhaler (Pressair / Genuair),Inhalation,"Competitively and reversibly inhibits muscarinic M3 receptors in airway smooth muscle, blocking acetylcholine-mediated bronchoconstriction; possesses prolonged residence time at M3 receptors, but is rapidly broken down by esterases once it enters systemic circulation.",ak-li-DI-nee-um,-nium,verified
umeclidinium,Umeclidinium,Umeclidinium Inhalation Powder (Incruse Ellipta),Umeclidinium bromide,Umeclidinium bromide,Respiratory,"A once-daily long-acting muscarinic antagonist (LAMA) delivered via the intuitive Ellipta dry powder inhaler, providing 24-hour bronchodilation for COPD maintenance.",62.5 mcg per actuation,Dry Powder Inhaler (Ellipta),Inhalation,"Long-acting muscarinic receptor antagonist (anticholinergic); competitively blocks acetylcholine from binding to muscarinic M3 receptors in bronchial smooth muscle cells, preventing calcium-dependent airway constriction.",oo-me-kli-DIN-ee-um,-dinium,verified
beclomethasone,Beclomethasone Dipropionate (BDP),Beclomethasone Dipropionate Inhaler,Beclomethasone dipropionate,Beclomethasone dipropionate,Respiratory,"A synthetic halogenated glucocorticoid prodrug rapidly bioactivated in the lungs to active 17-BMP, delivered in extrafine solution aerosols for persistent asthma and allergic rhinitis.",50 mcg; 100 mcg; 200 mcg per actuation (MDI); 50 mcg/actuation nasal spray,Pressurized Metered-Dose Inhaler (pMDI); Nasal Spray,Inhalation; Intranasal,"Prodrug rapidly hydrolyzed in lung tissue by carboxylesterases to beclomethasone-17-monopropionate (17-BMP), which binds with 30-fold higher affinity to glucocorticoid receptors; translocates to the nucleus, inhibiting NF-kB and AP-1 transcription factors; down-regulates pro-inflammatory cytokines, chemokines, and adhesion molecules while up-regulating anti-inflammatory lipocortin-1 (annexin A1).",bek-loe-METH-a-sone,-sone,verified
ciclesonide,Ciclesonide,Ciclesonide Inhalation Aerosol (Alvesco / Omnaris),Ciclesonide,Ciclesonide,Respiratory,"An on-site lung-activated steroid prodrug bioactivated in the bronchial epithelium with near-zero oral bioavailability (<1%), providing maximal asthma control with the lowest rates of oral thrush and hoarseness.",80 mcg; 160 mcg per actuation (Alvesco pMDI); 50 mcg/actuation nasal spray (Omnaris),Metered-Dose Inhaler (pMDI); Nasal Spray Suspension,Inhalation; Intranasal,"Inhaled as an inactive prodrug that is selectively cleaved by intracellular esterases in human lung tissue to active desisobutyryl-ciclesonide (des-CIC); des-CIC binds with 100-fold higher affinity to glucocorticoid receptors, suppressing pro-inflammatory gene transcription (NF-kB inhibition); des-CIC reversibly conjugates with intracellular fatty acids, forming a lipophilic depot that slowly releases active drug.",si-KLE-soe-nide,-sonide,verified
mometasone,Mometasone Furoate,Mometasone Furoate Inhalation Powder / Nasal Spray,Mometasone furoate,Mometasone furoate,Respiratory,"A potent synthetic 17-heterocyclic corticosteroid with negligible systemic bioavailability (<1%), widely used as a once-daily inhaled therapy for asthma and the premier topical spray for allergic rhinitis and nasal polyps.",100 mcg; 200 mcg per actuation (Twisthaler / pMDI); 50 mcg/actuation nasal spray (Nasonex); 0.1% topical cream/ointment (Elocon),Dry Powder Inhaler (Twisthaler); Pressurized Metered-Dose Inhaler; Nasal Spray; Topical Cream / Ointment,Inhalation; Intranasal; Topical,"High-potency glucocorticoid; binds with ultra-high affinity to human glucocorticoid receptors (significantly higher affinity than fluticasone, budesonide, and dexamethasone); suppresses multiple inflammatory genes via NF-kB and AP-1 inhibition; inhibits leukotriene and cytokine release from respiratory mucosal cells.",moe-MET-a-sone,-sone,verified
roflumilast,Roflumilast,Roflumilast Tablets,Roflumilast,Roflumilast,Respiratory,An oral once-daily selective phosphodiesterase-4 (PDE4) inhibitor that targets systemic and airway inflammation to reduce exacerbations in severe COPD associated with chronic bronchitis.,250 mcg (starter pack); 500 mcg,Film-coated Tablet,Oral,"Selectively and competitively inhibits phosphodiesterase-4 (PDE4), the predominant cAMP-metabolizing enzyme in immune and inflammatory cells (neutrophils, macrophages, CD8+ T cells, bronchial smooth muscle); elevates intracellular cyclic AMP (cAMP), suppressing pro-inflammatory cytokine and chemokine release.",roe-FLUE-mi-last,-milast,verified
doxofylline,Doxofylline,Doxofylline Tablets / Syrup,Doxofylline,Doxofylline,Respiratory,"A novel xanthine derivative with phosphodiesterase inhibitory and anti-inflammatory activity that lacks adenosine receptor affinity, providing bronchodilation with dramatically reduced cardiac and CNS toxicities compared to theophylline.",400 mg; 100 mg/5 mL syrup; 100 mg/5 mL injection,Film-coated Tablet; Oral Syrup; Solution for Injection,Oral; Intravenous,"Inhibits phosphodiesterase (PDE) enzymes, elevating intracellular cAMP in airway smooth muscle; CRITICALLY LACKS AFFINITY FOR ADENOSINE (A1, A2A, A2B) RECEPTORS and does NOT block calcium channels; suppresses inflammatory cell migration and reduces airway hyperreactivity.",dox-oh-FYE-leen,-fylline,verified
ambroxol,Ambroxol,Ambroxol Hydrochloride,Ambroxol hydrochloride,Ambroxol hydrochloride,Respiratory,"A secretolytic and secretomotor mucolytic agent that stimulates pulmonary surfactant production, clears viscous bronchial mucus, and possesses local anesthetic and anti-inflammatory properties.","30 mg; 75 mg SR; 15 mg/5 mL, 30 mg/5 mL syrup; 15 mg/2 mL ampoule",Tablet; Sustained-Release Capsule; Oral Syrup; Solution for Injection / Inhalation,Oral; Intravenous; Inhalation,"Cleaves acidic mucopolysaccharide fibers in bronchial mucus, fragmenting high-molecular-weight polymers; directly stimulates Clara cells and alveolar type II pneumocytes to synthesize and secrete pulmonary surfactant; enhances ciliary beat frequency (mucociliary clearance); blocks neuronal voltage-gated sodium channels, providing throat-soothing local anesthesia.",am-BROX-ol,-xol,verified
bromhexine,Bromhexine,Bromhexine Hydrochloride,Bromhexine hydrochloride,Bromhexine hydrochloride,Respiratory,"A classic benzylamine secretolytic mucolytic derived from the Indian plant Adhatoda vasica (Vasaka), metabolized in vivo to active ambroxol to liquefy tenaciously thick phlegm.",8 mg; 4 mg/5 mL syrup,Tablet; Oral Syrup,Oral,Derived from the alkaloid vasicine; hydrolyzed in vivo to its primary active metabolite ambroxol; depolymerizes mucopolysaccharide protein fibers and stimulates lysosomal enzyme release from mucus-secreting goblet cells; increases serous bronchial gland secretion.,brom-HEX-een,-hexine,verified
carbocisteine,Carbocisteine (Carbocysteine),Carbocisteine Capsules / Syrup,Carbocisteine,Carbocisteine,Respiratory,"A mucoregulatory agent that alters glycoprotein synthesis to restore the physiological balance of sialomucins and fucomucins, proven in the landmark PEACE study to reduce COPD exacerbations.","375 mg; 750 mg; 250 mg/5 mL, 750 mg/5 mL syrup",Capsule; Oral Syrup,Oral,"Acts intracellularly on bronchial goblet cells as a mucoregulator: stimulates sialyltransferase to increase the synthesis of fluid sialomucins while suppressing the production of thick, viscous fucomucins; restores normal viscoelastic properties of bronchial secretions without breaking disulfide bonds.",kar-boe-SIS-teen,-cisteine,verified
bilastine,Bilastine,Bilastine,Bilastine,Bilastine,Antihistamines,"A modern, highly selective, non-sedating second-generation H1-antihistamine with zero hepatic CYP metabolism and zero brain H1-receptor occupancy, used for allergic rhinitis and urticaria.",20 mg; 10 mg orally disintegrating tablet (ODT); 2.5 mg/mL oral solution,Film-coated Tablet; Orally Disintegrating Tablet; Oral Solution,Oral,"Potent, highly selective, and non-competitive peripheral histamine H1-receptor antagonist; completely lacks affinity for muscarinic, adrenergic, serotonergic, or other histamine receptor subtypes; substrate for P-glycoprotein efflux at the blood-brain barrier, resulting in near-zero brain H1-receptor occupancy.",bi-LAS-teen,-stine,verified
rupatadine,Rupatadine,Rupatadine Fumarate,Rupatadine fumarate,Rupatadine fumarate,Antihistamines,"A dual-action second-generation antihistamine and platelet-activating factor (PAF) receptor antagonist, providing superior relief of severe nasal congestion and allergic inflammation.",10 mg; 1 mg/mL oral solution,Tablet; Oral Solution,Oral,"Dual molecular mechanism: selectively blocks peripheral histamine H1 receptors AND antagonizes platelet-activating factor (PAF) receptors; PAF is a potent non-histamine mediator of mucosal edema, severe nasal congestion, bronchial hyperreactivity, and vascular hyperpermeability.",roo-pa-TA-deen,-tadine,verified
ebastine,Ebastine,Ebastine Film-Coated / Fast-Dissolving Tablets,Ebastine,Ebastine,Antihistamines,"A long-acting second-generation H1-receptor antagonist prodrug rapidly converted by CYP3A4 to active carebastine, providing 24-hour non-sedating relief of allergic rhinitis and chronic urticaria.","10 mg; 20 mg; 10 mg, 20 mg orally disintegrating tablets (Fast-Tab)",Film-coated Tablet; Orally Disintegrating Tablet,Oral,"Prodrug rapidly and almost completely converted in the liver by CYP3A4 to active carebastine; carebastine is a potent, long-acting, selective peripheral H1-receptor antagonist with negligible penetration into the central nervous system.",e-BAS-teen,-stine,verified
mizolastine,Mizolastine,Mizolastine Modified-Release Tablets,Mizolastine,Mizolastine,Antihistamines,"A dual-action second-generation H1-receptor antagonist and 5-lipoxygenase (5-LOX) inhibitor, combining antihistaminic and anti-leukotriene actions for allergic rhinitis and urticaria.",10 mg,Modified-Release Tablet,Oral,"Selectively and competitively blocks peripheral histamine H1 receptors; concurrently inhibits 5-lipoxygenase (5-LOX), suppressing the biosynthesis of inflammatory leukotrienes (LTB4, LTC4); also inhibits mast cell degranulation and ICAM-1 expression.",mye-ZOE-las-teen,-stine,verified
olopatadine,Olopatadine,Olopatadine Ophthalmic Solution / Nasal Spray,Olopatadine hydrochloride,Olopatadine hydrochloride,Antihistamines,"A dual-action mast cell stabilizer and selective H1-antihistamine, serving as the gold standard topical agent for allergic conjunctivitis and allergic rhinitis.",0.1% eye drops (Patanol - BID); 0.2% eye drops (Pataday - once daily); 0.7% eye drops (Pazeo - once daily); 0.6% nasal spray (Patanase),Ophthalmic Solution; Nasal Spray Solution,Ophthalmic; Intranasal,"Dual pharmacological action: selectively and competitively antagonizes histamine H1 receptors, AND stabilizes mast cell membranes, preventing antigen-induced degranulation and release of histamine, leukotrienes, and pro-inflammatory cytokines; inhibits human conjunctival epithelial cell cytokine release.",oh-loe-PAT-a-deen,-tadine,verified
azelastine,Azelastine,Azelastine Ophthalmic Solution / Nasal Spray,Azelastine hydrochloride,Azelastine hydrochloride,Antihistamines,"A fast-acting, second-generation topical H1-antihistamine and mast cell stabilizer that relieves nasal symptoms within 15 minutes, co-formulated with fluticasone propionate (Dymista) for severe allergic rhinitis.",0.1% nasal spray (137 mcg/spray); 0.15% nasal spray (205.5 mcg/spray); 0.05% eye drops,Nasal Spray Solution; Ophthalmic Solution,Intranasal; Ophthalmic,"Multiple anti-allergic actions: potent, competitive antagonist at peripheral histamine H1 receptors; stabilizes mast cell membranes, inhibiting antigen-triggered histamine release; down-regulates ICAM-1 expression and inhibits pro-inflammatory leukotriene and endothelin-1 generation.",a-ZEL-a-steen,-stine,verified
cloxacillin,Cloxacillin,Cloxacillin Sodium,Cloxacillin sodium,Cloxacillin sodium,Antibiotics,"A semi-synthetic penicillinase-resistant isoxazolyl penicillin active against penicillinase-producing staphylococci, used for MSSA skin, soft tissue, and respiratory tract infections.",250 mg; 500 mg; 250 mg vial; 500 mg vial,Capsule; Powder for Injection; Oral Solution,Oral; Intramuscular; Intravenous,"Binds to penicillin-binding proteins (PBPs), inhibiting the transpeptidation step of peptidoglycan synthesis; bulky isoxazolyl side chain prevents degradation by staphylococcal beta-lactamase.",klox-a-SIL-in,-cillin,verified
oxacillin,Oxacillin,Oxacillin Sodium,Oxacillin sodium,Oxacillin sodium,Antibiotics,"A parenteral penicillinase-resistant isoxazolyl penicillin indicated for severe systemic methicillin-susceptible Staphylococcus aureus (MSSA) infections including bacteremia, endocarditis, and osteomyelitis.",500 mg vial; 1 g vial; 2 g vial,Powder for Solution for Injection,Intramuscular; Intravenous,"Inhibits bacterial cell wall synthesis by binding to penicillin-binding proteins (PBPs), causing cell wall weakening and osmotic lysis; stable against staphylococcal beta-lactamases.",ox-a-SIL-in,-cillin,verified
benzathine-penicillin,Benzathine Penicillin G,Benzathine Penicillin G (Penicillin G Benzathine),Benzathine penicillin G,Benzathine penicillin G,Antibiotics,"An ultra-long-acting repository intramuscular penicillin that releases penicillin G over 3 to 4 weeks, serving as the global first-line curative therapy for syphilis and secondary prophylaxis of rheumatic fever.","600,000 units vial; 1,200,000 units (1.2 MU) vial; 2,400,000 units (2.4 MU) vial",Sterile Suspension for Deep IM Injection,Intramuscular,"Slowly releases penicillin G from the deep intramuscular depot; penicillin G binds to bacterial PBPs, inhibiting cross-linking of peptidoglycan chains, resulting in bacterial lysis.",BEN-za-theen pen-i-SIL-in,-cillin,verified
benzylpenicillin,Benzylpenicillin (Penicillin G Sodium/Potassium),Penicillin G Sodium / Potassium,Benzylpenicillin sodium,Benzylpenicillin sodium,Antibiotics,"A natural parenteral penicillin with high intrinsic potency against sensitive streptococci, Neisseria meningitidis, Treponema pallidum (neurosyphilis), and clostridial infections.","1,000,000 units (1 MU) vial; 5,000,000 units (5 MU) vial",Powder for Solution for Injection,Intravenous; Intramuscular,"Binds to penicillin-binding proteins (PBPs), inhibiting transpeptidase enzymes that cross-link peptidoglycan polymers in bacterial cell walls, triggering autolysins and osmotic cell death.",BEN-zil-pen-i-SIL-in,-cillin,verified
cefotetan,Cefotetan,Cefotetan Disodium,Cefotetan disodium,Cefotetan disodium,Antibiotics,"A second-generation cephamycin antibiotic with potent anaerobic activity against Bacteroides fragilis, used for surgical prophylaxis and mixed pelvic and intra-abdominal infections.",1 g vial; 2 g vial,Powder for Solution for Injection,Intravenous; Intramuscular,"Binds to penicillin-binding proteins (PBPs), inhibiting bacterial cell wall synthesis; 7-alpha-methoxy group on the beta-lactam ring confers extreme stability against beta-lactamases produced by anaerobic bacteria.",sef-oh-TEE-tan,-tetan,verified
cefoxitin,Cefoxitin,Cefoxitin Sodium,Cefoxitin sodium,Cefoxitin sodium,Antibiotics,"A classical parenteral cephamycin with high beta-lactamase resistance and anaerobic efficacy against Bacteroides fragilis, used for surgical prophylaxis and pelvic inflammatory disease.",1 g vial; 2 g vial,Powder for Solution for Injection,Intravenous; Intramuscular,"Binds to penicillin-binding proteins (PBPs), causing bacterial cell wall synthesis inhibition; 7-alpha-methoxy group provides extreme resistance to inactivation by Gram-negative and anaerobic beta-lactamases.",se-FOX-i-tin,-oxitin,verified
ketoprofen,Ketoprofen,Ketoprofen,Ketoprofen,Ketoprofen,Pain & Inflammation,"A propionic acid derivative NSAID with analgesic, anti-inflammatory and antipyretic actions, inhibiting COX enzymes and leukocyte migration.",50 mg; 100 mg; 200 mg SR; 2.5% gel,Capsule; SR Capsule; Gel; Injection,Oral; Topical; Intramuscular,"Reversible inhibition of cyclooxygenase enzymes (COX-1 and COX-2), thereby reducing prostaglandin synthesis; also exerts mild inhibition of lipoxygenase.",kee-toe-PROH-fen,-profen,verified
lornoxicam,Lornoxicam,Lornoxicam,Lornoxicam,Lornoxicam,Pain & Inflammation,"An oxicam-class NSAID with potent analgesic and anti-inflammatory properties, characterised by a relatively short elimination half-life.",4 mg; 8 mg; 8 mg injection,Tablet; Rapid-release Tablet; Powder for Injection,Oral; Intravenous; Intramuscular,"Potent balanced inhibitor of cyclooxygenase-1 and cyclooxygenase-2, suppressing prostaglandin biosynthesis and IL-6 release.",lor-NOX-i-kam,-oxicam,verified
dexketoprofen,Dexketoprofen,Dexketoprofen,Dexketoprofen trometamol,Dexketoprofen trometamol,Pain & Inflammation,The pharmacologically active (S)-(+)-enantiomer of ketoprofen formulated with trometamol for rapid absorption and analgesia at half the racemic dose.,25 mg; 50 mg/2 mL injection; 1.25% gel,Film-coated Tablet; Solution for Injection; Gel,Oral; Intramuscular; Intravenous; Topical,"Selective activation of analgesia by inhibiting prostaglandin synthesis through COX-1 and COX-2 blockade, with higher chiral potency than the racemic mixture.",dex-kee-toe-PROH-fen,-profen,verified
nabumetone,Nabumetone,Nabumetone,Nabumetone,Nabumetone,Pain & Inflammation,"A non-acidic prodrug NSAID that is metabolized in the liver to 6-methoxy-2-naphthylacetic acid (6-MNA), with reduced direct gastric mucosal toxicity.",500 mg; 750 mg; 1000 mg,Tablet,Oral,"Inactive prodrug converted in the liver to 6-MNA, which preferentially inhibits COX-2 over COX-1, reducing inflammatory prostaglandins.",na-BYOO-me-tone,,verified
sulindac,Sulindac,Sulindac,Sulindac,Sulindac,Pain & Inflammation,An indene derivative prodrug NSAID whose sulfide metabolite reversibly inhibits COX enzymes; historically noted for relative renal-sparing characteristics.,100 mg; 200 mg,Tablet,Oral,"Prodrug reduced in vivo to active sulindac sulfide, which inhibits COX-1 and COX-2; active metabolite undergoes enterohepatic circulation and renal oxidation back to inactive sulfoxide.",sul-IN-dak,,verified
roxithromycin,Roxithromycin,Roxithromycin,Roxithromycin,Roxithromycin,Antibiotics,"A semi-synthetic 14-membered ring macrolide antibiotic with high oral bioavailability and long half-life, used for respiratory, skin, and genital tract infections.",50 mg DT; 150 mg; 300 mg,Dispersible Tablet; Film-coated Tablet; Suspension,Oral,"Binds reversibly to the 50S subunit of bacterial 70S ribosomes, inhibiting translocation and peptide chain elongation, blocking bacterial protein synthesis.",rox-ith-roe-MYE-sin,-thromycin,verified
moxifloxacin,Moxifloxacin,Moxifloxacin,Moxifloxacin hydrochloride,Moxifloxacin hydrochloride,Antibiotics,"A fourth-generation 'respiratory' fluoroquinolone with enhanced Gram-positive, anaerobic, and atypical coverage, widely used for pneumonia, tuberculosis, and intra-abdominal infections.",400 mg; 400 mg/250 mL IV infusion; 0.5% eye drops,Film-coated Tablet; Solution for Infusion; Ophthalmic Solution,Oral; Intravenous; Ophthalmic,"Bactericidal dual-target inhibition of bacterial DNA gyrase (topoisomerase II) and topoisomerase IV, preventing DNA replication, transcription, and repair.",mox-i-FLOX-a-sin,-floxacin,verified
ofloxacin,Ofloxacin,Ofloxacin,Ofloxacin,Ofloxacin,Antibiotics,"A second-generation broad-spectrum fluoroquinolone widely utilized in India for gastrointestinal infections, enteric fever, and genitourinary tract infections.",100 mg DT; 200 mg; 400 mg; 200 mg/100 mL IV infusion; 0.3% eye/ear drops,Film-coated Tablet; Dispersible Tablet; IV Infusion; Ophthalmic/Otic Drops,Oral; Intravenous; Ophthalmic; Otic,"Bactericidal inhibition of DNA gyrase (topoisomerase II) and topoisomerase IV, halting bacterial chromosome supercoiling, transcription, and division.",oh-FLOX-a-sin,-floxacin,verified
norfloxacin,Norfloxacin,Norfloxacin,Norfloxacin,Norfloxacin,Antibiotics,"A synthetic fluoroquinolone that achieves very high concentrations in the urinary tract and gastrointestinal lumen with low systemic tissue levels, making it ideal for UTIs and bacterial diarrhoea.",100 mg; 200 mg; 400 mg; 0.3% eye/ear drops,Tablet; Ophthalmic/Otic Drops,Oral; Ophthalmic; Otic,"Inhibits bacterial DNA gyrase and topoisomerase IV, preventing DNA supercoiling, synthesis, and cell division.",nor-FLOX-a-sin,-floxacin,verified
faropenem,Faropenem,Faropenem,Faropenem sodium,Faropenem sodium,Antibiotics,"An orally bioavailable penem antibiotic with high stability against extended-spectrum beta-lactamases (ESBLs), used for resistant respiratory, ENT, and urinary tract infections.",150 mg; 200 mg; 300 mg; 100 mg DT,Film-coated Tablet; Dispersible Tablet; Dry Syrup,Oral,"Binds with high affinity to penicillin-binding proteins (PBPs), primarily PBP1A, 1B, 2, and 3, inhibiting peptidoglycan cell wall cross-linking and triggering autolysis.",fa-roe-PEN-em,-penem,verified
telithromycin,Telithromycin,Telithromycin,Telithromycin,Telithromycin,Antibiotics,"A semi-synthetic ketolide antibiotic derived from erythromycin, engineered to overcome macrolide resistance in Streptococcus pneumoniae.",400 mg; 800 mg,Film-coated Tablet,Oral,"Binds to two distinct domains (II and V) on the 23S rRNA of the bacterial 50S ribosomal subunit, maintaining high affinity even against MLSB-resistant strains.",tel-ith-roe-MYE-sin,-thromycin,verified
gemifloxacin,Gemifloxacin,Gemifloxacin,Gemifloxacin mesylate,Gemifloxacin mesylate,Antibiotics,"An advanced fluoroquinolone with potent dual-targeting against bacterial DNA gyrase and topoisomerase IV, specifically indicated for acute bacterial exacerbation of chronic bronchitis and mild-to-moderate CAP.",320 mg,Film-coated Tablet,Oral,"Inhibits both topoisomerase II (DNA gyrase) and topoisomerase IV, resulting in rapid bacterial DNA fragmentation and cell death.",jem-i-FLOX-a-sin,-floxacin,verified
teicoplanin,Teicoplanin,Teicoplanin,Teicoplanin,Teicoplanin,Antibiotics,"A glycopeptide antibiotic related to vancomycin with lower nephrotoxicity and red-man syndrome rates, administered once daily or via intramuscular injection for serious Gram-positive infections.",200 mg vial; 400 mg vial,Powder for Solution for Injection/Infusion,Intravenous; Intramuscular,"Inhibits cell wall peptidoglycan synthesis by binding tightly to the D-alanyl-D-alanine terminus of cell wall precursor pentapeptides, preventing polymerization.",tye-koe-PLAN-in,-planin,verified
cefotaxime,Cefotaxime,Cefotaxime,Cefotaxime sodium,Cefotaxime sodium,Antibiotics,"A parenteral third-generation cephalosporin with excellent cerebrospinal fluid penetration, widely used for neonatal sepsis, bacterial meningitis, and serious systemic infections.",250 mg; 500 mg; 1 g; 2 g vial,Powder for Injection,Intravenous; Intramuscular,"Binds to penicillin-binding proteins (PBPs), inhibiting bacterial peptidoglycan cell wall synthesis, resulting in cell wall lysis and bacterial death.",sef-oh-TAX-eem,-taxime,verified
cefepime,Cefepime,Cefepime,Cefepime hydrochloride,Cefepime hydrochloride,Antibiotics,"A fourth-generation parenteral cephalosporin with zwitterionic structure providing rapid penetration across outer bacterial membranes, highly active against Pseudomonas and Enterobacteriaceae.",500 mg; 1 g; 2 g vial,Powder for Injection,Intravenous; Intramuscular,"Binds to multiple penicillin-binding proteins (PBP2, PBP3, PBP1a/1b) inhibiting peptidoglycan synthesis; zwitterionic charge allows rapid diffusion through outer membrane porins.",SEF-e-peem,-pime,verified
ceftazidime,Ceftazidime,Ceftazidime,Ceftazidime pentahydrate,Ceftazidime pentahydrate,Antibiotics,"A third-generation parenteral cephalosporin with potent antipseudomonal activity, used for hospital-acquired infections, febrile neutropenia, and melioidosis.",500 mg; 1 g; 2 g vial,Powder for Injection,Intravenous; Intramuscular,"Binds to essential penicillin-binding proteins (PBP3), inhibiting peptidoglycan synthesis and producing filamentation and lysis of bacterial cells.",sef-TAZ-i-deem,-tazidime,verified
cefazolin,Cefazolin,Cefazolin,Cefazolin sodium,Cefazolin sodium,Antibiotics,"A first-generation parenteral cephalosporin with excellent activity against MSSA and Streptococcus, established worldwide as the gold standard for surgical antibiotic prophylaxis.",500 mg; 1 g; 2 g vial,Powder for Injection,Intravenous; Intramuscular,"Binds to bacterial penicillin-binding proteins (PBPs), inhibiting cross-linking of peptidoglycan in the cell wall, causing cell lysis.",sef-A-zoe-lin,-zolin,verified
cefadroxil,Cefadroxil,Cefadroxil,Cefadroxil monohydrate,Cefadroxil monohydrate,Antibiotics,"An oral first-generation cephalosporin with prolonged urinary and tissue persistence, used once or twice daily for skin, pharyngeal, and urinary tract infections.",125 mg DT; 250 mg DT; 500 mg; 1 g,Dispersible Tablet; Film-coated Tablet; Oral Suspension,Oral,"Bactericidal inhibition of cell wall synthesis by binding to penicillin-binding proteins (PBPs), halting peptidoglycan assembly.",sef-a-DROX-il,-droxil,verified
cefaclor,Cefaclor,Cefaclor,Cefaclor monohydrate,Cefaclor monohydrate,Antibiotics,"A second-generation oral cephalosporin with enhanced activity against Haemophilus influenzae and Moraxella catarrhalis, used for upper and lower respiratory infections.",125 mg DT; 250 mg; 375 mg ER; 500 mg,Capsule; Dispersible Tablet; Extended-Release Tablet; Oral Suspension,Oral,"Inhibits bacterial cell wall synthesis by binding to penicillin-binding proteins (PBPs), leading to bacterial lysis.",SEF-a-klor,-clor,verified
cefditoren,Cefditoren,Cefditoren Pivoxil,Cefditoren pivoxil,Cefditoren pivoxil,Antibiotics,An oral third-generation cephalosporin prodrug with enhanced affinity for penicillin-resistant Streptococcus pneumoniae and common respiratory pathogens.,200 mg; 400 mg,Film-coated Tablet,Oral,"Hydrolyzed by esterases during absorption to active cefditoren, which binds to PBPs and inhibits bacterial cell wall synthesis.",sef-DYE-tohr-en,-ditoren,verified
ampicillin-sulbactam,Ampicillin / Sulbactam,Ampicillin + Sulbactam,Ampicillin sodium and sulbactam sodium,Ampicillin sodium and sulbactam sodium,Antibiotics,"An injectable aminopenicillin combined with a beta-lactamase inhibitor, providing broad coverage against beta-lactamase producing organisms, anaerobes, and Acinetobacter baumannii.",750 mg; 1.5 g; 3 g vial,Powder for Injection,Intravenous; Intramuscular,Ampicillin inhibits bacterial cell wall synthesis; sulbactam irreversibly binds and inactivates beta-lactamases and has intrinsic bactericidal activity against Acinetobacter baumannii PBPs.,am-pi-SIL-in / sul-BAK-tam,-cillin / -bactam,verified
ceftolozane-tazobactam,Ceftolozane / Tazobactam,Ceftolozane + Tazobactam,Ceftolozane sulfate and tazobactam sodium,Ceftolozane sulfate and tazobactam sodium,Antibiotics,"An advanced antipseudomonal cephalosporin combined with a beta-lactamase inhibitor, engineered specifically to overcome multidrug-resistant Pseudomonas aeruginosa.",1.5 g vial (1 g ceftolozane / 0.5 g tazobactam); 3 g vial (2 g ceftolozane / 1 g tazobactam),Powder for Concentrate for Solution for Infusion,Intravenous,"Ceftolozane inhibits PBPs (PBP1b, PBP1c, PBP3) with high affinity and resistance to ampC hydrolysis and efflux pumps; tazobactam protects against most class A and class C beta-lactamases.",sef-TOE-loe-zane / taz-oh-BAK-tam,-tolozane,verified
ceftazidime-avibactam,Ceftazidime / Avibactam,Ceftazidime + Avibactam,Ceftazidime pentahydrate and avibactam sodium,Ceftazidime pentahydrate and avibactam sodium,Antibiotics,"A novel beta-lactam / non-beta-lactam diazabicyclooctane beta-lactamase inhibitor combination active against carbapenem-resistant Enterobacteriaceae (KPC, OXA-48).",2.5 g vial (2 g ceftazidime / 0.5 g avibactam),Powder for Concentrate for Solution for Infusion,Intravenous,"Ceftazidime inhibits cell wall synthesis; avibactam is a non-beta-lactam beta-lactamase inhibitor that reversibly inhibits Class A (KPC), Class C (AmpC), and some Class D (OXA-48) beta-lactamases via covalent carbamylation.",sef-TAZ-i-deem / AV-i-bak-tam,-tazidime / -avibactam,verified
colistin,Colistin,Colistin (Colistimethate Sodium),Colistimethate sodium (CMS),Colistimethate sodium,Antibiotics,"A polymyxin antibiotic prodrug acting as a cationic detergent against Gram-negative outer membranes, reserved for extensively drug-resistant (XDR) pathogens.",1 million IU (approx. 80 mg CMS); 2 million IU; 3 million IU vial; 4.5 million IU vial,Powder for Solution for Injection/Infusion or Inhalation,Intravenous; Inhalation,"Binds to lipopolysaccharide (LPS) and phospholipids in the outer cell membrane of Gram-negative bacteria, displacing calcium and magnesium, causing membrane disruption and leakage of intracellular contents.",koe-LIS-tin,-colistin,verified
polymyxin-b,Polymyxin B,Polymyxin B,Polymyxin B sulfate,Polymyxin B sulfate,Antibiotics,"An active polymyxin antibiotic administered directly as active drug (not a prodrug), preferred over colistin for systemic bloodstream infections due to predictable pharmacokinetics and lower renal dependency.","500,000 IU vial (approx. 50 mg)",Powder for Solution for Injection/Infusion,Intravenous; Ophthalmic; Topical,"Binds to anionic lipid A portion of LPS in bacterial outer membrane, destabilizing membrane integrity and causing osmotic leakage of cellular contents.",pol-i-MIX-in BEE,-myxin,verified
tigecycline,Tigecycline,Tigecycline,Tigecycline,Tigecycline,Antibiotics,"A first-in-class glycylcycline antibiotic overcoming classical tetracycline efflux and ribosomal protection mechanisms, used for complicated skin, soft tissue, and intra-abdominal infections.",50 mg vial,Powder for Solution for Infusion,Intravenous,"Binds reversibly to the 30S ribosomal subunit with 5 times higher affinity than minocycline, halting peptide chain growth and overcoming classical tetracycline efflux pumps and ribosomal protection proteins.",tye-ge-SYE-kleen,-cycline,verified
minocycline,Minocycline,Minocycline,Minocycline hydrochloride,Minocycline hydrochloride,Antibiotics,"A highly lipophilic second-generation tetracycline with excellent tissue and CNS penetration, widely used for moderate-to-severe acne vulgaris, MRSA skin infections, and multidrug-resistant Acinetobacter.",50 mg; 100 mg; 100 mg IV vial,Capsule; Tablet; Extended-Release Tablet; Powder for Injection,Oral; Intravenous,"Binds to the 30S ribosomal subunit, preventing entry of aminoacyl-tRNA into the ribosomal acceptor (A) site, inhibiting bacterial protein synthesis; also possesses anti-inflammatory and matrix metalloproteinase inhibitory properties.",min-oh-SYE-kleen,-cycline,verified
tobramycin,Tobramycin,Tobramycin,Tobramycin sulfate,Tobramycin sulfate,Antibiotics,"A potent aminoglycoside antibiotic with superior intrinsic activity against Pseudomonas aeruginosa compared to gentamicin, administered IV or via inhalation for cystic fibrosis.",20 mg/2 mL; 80 mg/2 mL vial; 300 mg/5 mL inhalation solution; 0.3% eye drops,Solution for Injection; Inhalation Solution; Ophthalmic Drops,Intravenous; Intramuscular; Inhalation; Ophthalmic,"Binds irreversibly to the bacterial 30S ribosomal subunit, causing misreading of genetic code and premature termination of peptide chain synthesis, leading to cell membrane damage and bactericidal death.",toe-bra-MYE-sin,-mycin,verified
netilmicin,Netilmicin,Netilmicin,Netilmicin sulfate,Netilmicin sulfate,Antibiotics,A semi-synthetic aminoglycoside antibiotic derived from sisomicin with resistance to several bacterial modifying enzymes and demonstrably lower ototoxicity than gentamicin.,25 mg/mL; 100 mg/mL; 300 mg/3 mL vial; 0.3% eye drops,Solution for Injection; Ophthalmic Solution,Intravenous; Intramuscular; Ophthalmic,"Binds irreversibly to the 30S bacterial ribosomal subunit, interfering with initiation complex formation and causing misreading of mRNA, leading to rapid bactericidal killing.",ne-til-MYE-sin,-micin,verified
kanamycin,Kanamycin,Kanamycin,Kanamycin sulfate,Kanamycin sulfate,Antibiotics,"An aminoglycoside antibiotic with bactericidal activity against aerobic Gram-negative bacilli and Mycobacterium tuberculosis, reserved for MDR-TB and serious hospital infections.",500 mg vial; 1 g vial,Powder for Injection; Solution for Injection,Intramuscular; Intravenous,"Binds irreversibly to the bacterial 30S ribosomal subunit, causing misreading of codons and inhibition of translocation, terminating bacterial protein synthesis.",kan-a-MYE-sin,-mycin,verified
chloramphenicol,Chloramphenicol,Chloramphenicol,Chloramphenicol sodium succinate,Chloramphenicol sodium succinate,Antibiotics,"A broad-spectrum classical antibiotic with excellent CSF penetration, reserved for life-threatening infections such as bacterial meningitis and rickettsial diseases when other options fail.",250 mg; 500 mg; 1 g vial; 0.5% eye drops; 1% eye ointment,Capsule; Powder for Injection; Ophthalmic Solution; Ophthalmic Ointment,Oral; Intravenous; Ophthalmic,"Binds reversibly to the 50S subunit of 70S bacterial ribosomes, inhibiting the peptidyl transferase reaction and preventing peptide bond formation.",klor-am-FEN-i-kol,-phenicol,verified
pristinamycin,Pristinamycin,Pristinamycin,Pristinamycin (mixture of pristinamycin IA and IIA),Pristinamycin,Antibiotics,"An oral streptogramin antibiotic consisting of a synergistic combination of two factors (IA and IIA), used for methicillin-resistant Staphylococcus aureus (MRSA) and refractory streptococcal infections.",250 mg; 500 mg,Film-coated Tablet,Oral,"Consists of pristinamycin IA (a macrolactone) and IIA (a polyunsaturated macrolactone) that bind sequentially to separate sites on the bacterial 50S ribosomal subunit; binding of IIA increases affinity for IA by 100-fold, transforming bacteriostatic action into bactericidal inhibition.",pris-tin-a-MYE-sin,-mycin,verified
tedizolid,Tedizolid,Tedizolid Phosphate,Tedizolid phosphate,Tedizolid phosphate,Antibiotics,"A second-generation oxazolidinone antibiotic 4 to 8 times more potent than linezolid, administered once daily for 6 days for acute bacterial skin and skin structure infections (ABSSSI).",200 mg; 200 mg IV vial,Film-coated Tablet; Lyophilized Powder for Injection,Oral; Intravenous,"Prodrug converted by plasma phosphatases to active tedizolid, which binds to the 23S rRNA of the 50S bacterial ribosomal subunit, inhibiting initiation complex formation and protein synthesis.",te-DIZ-oh-lid,-zolid,verified
dalbavancin,Dalbavancin,Dalbavancin,Dalbavancin hydrochloride,Dalbavancin hydrochloride,Antibiotics,"A second-generation lipoglycopeptide antibiotic with an ultra-long terminal half-life of 14 days, permitting complete therapy of acute bacterial skin infections in one or two doses.",500 mg vial,Lyophilized Powder for Solution for Infusion,Intravenous,"Binds to the D-alanyl-D-alanine terminus of growing bacterial peptidoglycan chains, blocking transglycosylation and transpeptidation; lipophilic side chain anchors to membrane, increasing potency.",dal-ba-VAN-sin,-vancin,verified
daptomycin,Daptomycin,Daptomycin,Daptomycin,Daptomycin,Antibiotics,"A cyclic lipopeptide bactericidal antibiotic that binds to and depolarizes bacterial cell membranes, used for MRSA bacteremia, right-sided infective endocarditis, and severe skin infections.",350 mg vial; 500 mg vial,Lyophilized Powder for Injection,Intravenous,"Binds in a calcium-dependent manner to bacterial cell membranes, oligomerizes, and inserts into the lipid bilayer, creating pores that cause rapid potassium ion efflux, membrane depolarization, and cessation of DNA, RNA, and protein synthesis without cell lysis.",DAP-toe-mye-sin,-mycin,verified
voriconazole,Voriconazole,Voriconazole,Voriconazole,Voriconazole,Antifungals,"A second-generation broad-spectrum triazole antifungal agent, established as the first-line treatment of choice for invasive aspergillosis.",50 mg; 200 mg; 200 mg IV vial,Film-coated Tablet; Powder for Solution for Infusion; Oral Suspension,Oral; Intravenous,"Inhibits fungal cytochrome P450-dependent 14-alpha-sterol demethylase, blocking the conversion of lanosterol to ergosterol, leading to accumulation of toxic 14-methylated sterols and fungal cell membrane lysis.",vor-i-KON-a-zole,-conazole,verified
posaconazole,Posaconazole,Posaconazole,Posaconazole,Posaconazole,Antifungals,"An extended-spectrum triazole antifungal with potent activity against Aspergillus, Candida, and Mucorales (zygomycetes), widely used for prophylaxis in hematological malignancy and salvage therapy.",100 mg delayed-release tablet; 300 mg/16.7 mL IV vial; 40 mg/mL oral suspension,Delayed-Release Tablet; Solution for Infusion; Oral Suspension,Oral; Intravenous,"Inhibits fungal lanosterol 14-alpha-demethylase, disrupting ergosterol synthesis and destabilizing the fungal cell membrane.",poe-sa-KON-a-zole,-conazole,verified
caspofungin,Caspofungin,Caspofungin,Caspofungin acetate,Caspofungin acetate,Antifungals,"A first-in-class parenteral echinocandin antifungal that inhibits fungal cell wall synthesis, used for invasive candidiasis, esophageal candidiasis, and salvage therapy for invasive aspergillosis.",50 mg vial; 70 mg vial,Lyophilized Powder for Solution for Infusion,Intravenous,"Non-competitively inhibits beta-(1,3)-D-glucan synthase, an enzyme absent in mammalian cells, preventing synthesis of beta-(1,3)-D-glucan in the fungal cell wall, causing osmotic fragility and lysis.",kas-poe-FUN-jin,-fungin,verified
micafungin,Micafungin,Micafungin,Micafungin sodium,Micafungin sodium,Antifungals,"A second-generation echinocandin antifungal with no loading dose requirement, used for invasive candidiasis, candidemia, and antifungal prophylaxis in stem cell transplantation.",50 mg vial; 100 mg vial,Lyophilized Powder for Solution for Infusion,Intravenous,"Non-competitively inhibits 1,3-beta-D-glucan synthase, disrupting fungal cell wall integrity and leading to osmotic lysis.",mye-ka-FUN-jin,-fungin,verified
luliconazole,Luliconazole,Luliconazole,Luliconazole,Luliconazole,Antifungals,"A potent topical imidazole antifungal with exceptionally low minimum inhibitory concentrations (MICs) against dermatophytes, permitting once-daily application for only 1 to 2 weeks.",1% cream; 1% lotion,Topical Cream; Topical Lotion,Topical,"Inhibits fungal lanosterol 14-alpha-demethylase, disrupting ergosterol synthesis in fungal cell membranes; uniquely incorporates an optically active R-enantiomer dithioacetal structure providing extreme affinity for dermatophyte enzymes.",loo-li-KON-a-zole,-conazole,verified
oxaprozin,Oxaprozin,Oxaprozin,Oxaprozin,Oxaprozin,Pain & Inflammation,A long-acting propionic acid NSAID suitable for once-daily dosing in chronic inflammatory joint disorders.,600 mg,Film-coated Tablet; Caplet,Oral,"Non-selective inhibition of cyclooxygenase enzymes (COX-1 and COX-2), halting the conversion of arachidonic acid to prostaglandins.",ox-a-PROH-zin,-prozin,verified
flurbiprofen,Flurbiprofen,Flurbiprofen,Flurbiprofen,Flurbiprofen,Pain & Inflammation,"A propionic acid derivative NSAID available in systemic, ophthalmic and throat lozenge formulations for targeted anti-inflammatory and analgesic therapy.",50 mg; 100 mg; 8.75 mg lozenges; 0.03% eye drops,Tablet; Lozenge; Ophthalmic Solution,Oral; Ophthalmic; Oromucosal,"Reversibly inhibits cyclooxygenase enzymes (COX-1 and COX-2), suppressing prostaglandin synthesis in both systemic and ocular tissues.",flur-BI-proh-fen,-profen,verified
tolfenamic-acid,Tolfenamic acid,Tolfenamic acid,Tolfenamic acid,Tolfenamic acid,Pain & Inflammation,An anthranilic acid derivative (fenamate) NSAID used extensively for the acute abortive treatment of migraine attacks and inflammatory joint disorders.,100 mg; 200 mg,Tablet; Capsule,Oral,"Inhibits cyclooxygenase (COX) enzymes to reduce prostaglandin synthesis, and uniquely exerts direct antagonist actions at prostaglandin receptor sites.",tol-fe-NAM-ik AS-id,-fenamic acid,verified
etodolac,Etodolac,Etodolac,Etodolac,Etodolac,Pain & Inflammation,"A pyranocarboxylic acid NSAID exhibiting preferential inhibition of COX-2 over COX-1, providing anti-inflammatory efficacy with a relatively favourable gastric profile.",200 mg; 300 mg; 400 mg; 600 mg ER,Capsule; Tablet; Extended-Release Tablet,Oral,"Preferentially inhibits cyclooxygenase-2 (COX-2) over COX-1, diminishing inflammatory prostaglandins at sites of joint inflammation while partially sparing mucosal COX-1.",ee-toe-DOE-lak,-lac,verified
parecoxib,Parecoxib,Parecoxib,Parecoxib sodium,Parecoxib sodium,Pain & Inflammation,"An injectable water-soluble prodrug of valdecoxib, providing selective COX-2 inhibition for short-term post-operative acute pain control without affecting platelet aggregation.",20 mg; 40 mg vial for injection,Powder for Injection,Intravenous; Intramuscular,"Rapidly converted by enzymatic hydrolysis in the liver to valdecoxib, a highly selective inhibitor of cyclooxygenase-2 (COX-2).",pa-re-KOX-ib,-coxib,verified
colchicine,Colchicine,Colchicine,Colchicine,Colchicine,Gout,"An alkaloid derived from Colchicum autumnale that disrupts microtubule polymerization, selectively inhibiting neutrophil chemotaxis in acute gout and Mediterranean fever.",0.5 mg; 0.6 mg,Tablet,Oral,"Binds to tubulin dimers, preventing microtubule assembly; suppresses neutrophil extravasation, degranulation, and inflammasome activation (NLRP3) triggered by monosodium urate crystals.",KOL-chi-seen,,verified
febuxostat,Febuxostat,Febuxostat,Febuxostat,Febuxostat,Gout,"A potent non-purine selective inhibitor of xanthine oxidase, providing significant serum uric acid reduction for chronic gout without hypersensitivity cross-reactivity to allopurinol.",40 mg; 80 mg; 120 mg,Tablet,Oral,"Potently and selectively inhibits both the oxidized and reduced forms of xanthine oxidase by blocking the pterin-binding channel, decreasing uric acid production.",fe-BUX-oh-stat,-stat,verified
thiocolchicoside,Thiocolchicoside,Thiocolchicoside,Thiocolchicoside,Thiocolchicoside,Pain & Inflammation,"A semi-synthetic sulfur derivative of colchicoside with selective GABAA and glycinergic receptor agonist properties, widely prescribed in India for acute painful muscle spasm.",4 mg; 8 mg; 4 mg/2 mL injection; 0.25% ointment,Capsule; Tablet; Solution for Injection; Ointment,Oral; Intramuscular; Topical,Selective agonist at GABA-A and strychnine-sensitive glycine receptors in the spinal cord and brainstem; decreases motor neuron excitability without curare-like muscle paralysis.,thee-oh-KOL-chi-koh-side,-colchicoside,verified
baclofen,Baclofen,Baclofen,Baclofen,Baclofen,Pain & Inflammation,"A centrally acting GABA-B receptor agonist that suppresses monosynaptic and polysynaptic spinal reflexes, relieving spasticity resulting from multiple sclerosis and spinal cord lesions.",5 mg; 10 mg; 20 mg; 0.05 mg/mL intrathecal,Tablet; Intrathecal Solution,Oral; Intrathecal,"Specific agonist at presynaptic and postsynaptic GABA-B receptors in the spinal cord; inhibits calcium influx, reducing the release of excitatory neurotransmitters (glutamate, aspartate).",BAK-loe-fen,,verified
tizanidine,Tizanidine,Tizanidine,Tizanidine hydrochloride,Tizanidine hydrochloride,Pain & Inflammation,"A centrally acting alpha-2 adrenergic agonist that reduces muscle spasticity by promoting presynaptic inhibition of motor neurons, with minimal muscle weakness.",2 mg; 4 mg; 6 mg,Tablet; Capsule,Oral,Selective agonist at central presynaptic alpha-2 adrenergic receptors; decreases the release of excitatory amino acids from spinal interneurons.,tye-ZAN-i-deen,-nidine,verified
chlorzoxazone,Chlorzoxazone,Chlorzoxazone,Chlorzoxazone,Chlorzoxazone,Pain & Inflammation,"A centrally acting muscle relaxant used as an adjunct in acute painful musculoskeletal conditions, acting primarily at spinal and subcortical levels.",250 mg; 500 mg,Tablet,Oral,Inhibits multisynaptic reflex arcs involved in producing and maintaining skeletal muscle spasm at spinal cord and subcortical areas.,klor-ZOX-a-zone,-zoxazone,verified
tolperisone,Tolperisone,Tolperisone,Tolperisone hydrochloride,Tolperisone hydrochloride,Pain & Inflammation,A centrally acting muscle relaxant with membrane-stabilizing and sodium-channel blocking actions that reduces muscle spasticity and tone without significant sedation.,50 mg; 150 mg; 450 mg SR,Film-coated Tablet; Sustained-Release Tablet,Oral,"Inhibits voltage-gated sodium channels, stabilizing neuronal membranes; depresses mono- and polysynaptic spinal cord reflex pathways and reticulospinal tract transmission.",tol-PER-i-sone,-perisone,verified
cyclobenzaprine,Cyclobenzaprine,Cyclobenzaprine,Cyclobenzaprine hydrochloride,Cyclobenzaprine hydrochloride,Pain & Inflammation,"A tricyclic-structured central muscle relaxant that reduces tonic somatic motor activity primarily within the brainstem, relieving acute muscle spasm.",5 mg; 10 mg; 15 mg ER; 30 mg ER,Film-coated Tablet; Extended-Release Capsule,Oral,"Acts primarily within the brainstem at the locus coeruleus; enhances norepinephrine-mediated inhibition of gamma and alpha motor systems, reducing muscle spasm.",sye-kloe-BEN-za-preen,-prine,verified
nefopam,Nefopam,Nefopam,Nefopam hydrochloride,Nefopam hydrochloride,Pain & Inflammation,"A non-opioid, non-NSAID centrally acting analgesic that inhibits monoamine reuptake and modulates voltage-sensitive calcium/sodium channels, devoid of respiratory depression.",30 mg; 20 mg/mL injection,Tablet; Ampoule for Injection,Oral; Intravenous; Intramuscular,"Triple monoamine reuptake inhibitor (serotonin, norepinephrine, dopamine) and inhibitor of voltage-gated calcium/sodium channels in central nociceptive pathways.",NEF-oh-pam,,verified
buprenorphine,Buprenorphine,Buprenorphine,Buprenorphine hydrochloride,Buprenorphine hydrochloride,Pain & Inflammation,"A high-affinity partial agonist at mu-opioid receptors and antagonist at kappa receptors, with a ceiling effect on respiratory depression, used for chronic pain and opioid dependence.",0.2 mg sublingual; 2 mg; 8 mg; 5 mcg/hr patch; 10 mcg/hr patch; 20 mcg/hr patch; 0.3 mg/mL injection,Sublingual Tablet; Transdermal Patch; Solution for Injection,Sublingual; Transdermal; Intramuscular; Intravenous,Partial agonist at mu-opioid receptors with very high affinity and slow receptor dissociation rate; antagonist at kappa-opioid and ORL-1 receptors.,byoo-pre-NOR-feen,-norphone,verified
fentanyl,Fentanyl,Fentanyl,Fentanyl citrate,Fentanyl citrate,Pain & Inflammation,"A potent synthetic mu-opioid receptor agonist (50-100 times more potent than morphine) utilized for anaesthesia, breakthrough cancer pain, and transdermal chronic pain management.",12 mcg/hr patch; 25 mcg/hr patch; 50 mcg/hr patch; 100 mcg/hr patch; 50 mcg/mL injection; 100 mcg lozenge,Transdermal Patch; Solution for Injection; Buccal Lozenge / Film,Transdermal; Intravenous; Intramuscular; Buccal; Sublingual,"Selective and potent agonist at mu-opioid receptors in the central nervous system; inhibits adenylate cyclase, hyperpolarizes neurons, and reduces nociceptive transmission.",FEN-ta-nil,-fentanil,verified
oxycodone,Oxycodone,Oxycodone,Oxycodone hydrochloride,Oxycodone hydrochloride,Pain & Inflammation,"A semi-synthetic pure mu-opioid receptor agonist with high oral bioavailability, used in immediate- and controlled-release formulations for severe pain.",5 mg; 10 mg; 20 mg; 40 mg; 80 mg CR,Immediate-Release Tablet; Controlled-Release Tablet; Oral Solution,Oral; Subcutaneous; Intravenous,"Full agonist at mu-opioid receptors with some affinity for kappa- and delta-opioid receptors; inhibits adenylyl cyclase, opening potassium channels and blocking presynaptic calcium influx.",ox-ee-KOH-done,-codone,verified
methadone,Methadone,Methadone,Methadone hydrochloride,Methadone hydrochloride,Pain & Inflammation,A long-acting synthetic mu-opioid agonist and NMDA receptor antagonist used for opioid dependence maintenance and refractory neuropathic cancer pain.,5 mg; 10 mg; 40 mg dispersible; 5 mg/5 mL oral solution; 10 mg/mL injection,Tablet; Dispersible Tablet; Oral Solution; Injection,Oral; Subcutaneous; Intramuscular; Intravenous,"Agonist at mu-opioid receptors, antagonist at NMDA (N-methyl-D-aspartate) receptors, and inhibitor of serotonin and norepinephrine reuptake.",METH-a-done,-done,verified
pentazocine,Pentazocine,Pentazocine,Pentazocine lactate,Pentazocine lactate,Pain & Inflammation,"A benzomorphan opioid with kappa-opioid agonist and weak mu-antagonist/partial agonist properties, frequently formulated with naloxone to prevent intravenous abuse.",25 mg; 50 mg; 30 mg/mL injection,Tablet; Solution for Injection,Oral; Intramuscular; Intravenous; Subcutaneous,Agonist at kappa-opioid receptors producing spinal analgesia and sedation; weak antagonist or partial agonist at mu-opioid receptors; binds sigma receptors.,pen-TAZ-oh-seen,-zocine,verified
hydrocodone,Hydrocodone,Hydrocodone,Hydrocodone bitartrate,Hydrocodone bitartrate,Pain & Inflammation,"A semi-synthetic phenanthrene opioid mu-agonist with antitussive and analgesic actions, widely prescribed in combination with paracetamol for moderate to severe pain.",5 mg; 7.5 mg; 10 mg; 20 mg ER,Tablet; Extended-Release Tablet; Oral Liquid,Oral,Pure agonist at mu-opioid receptors; inhibits ascending pain pathways and suppresses the medullary cough reflex center.,hye-droe-KOH-done,-codone,verified
nebivolol,Nebivolol,Nebivolol Hydrochloride,Nebivolol hydrochloride,Nebivolol hydrochloride,Cardiovascular,A third-generation highly cardioselective beta-1 adrenergic blocker with nitric oxide-mediated endothelial vasodilation and neutral metabolic profile.,2.5 mg; 5 mg; 10 mg,Tablet,Oral,"Dual mechanism: highly selective competitive beta-1 adrenergic antagonist, and stimulates endothelial nitric oxide synthase (eNOS) via beta-3 adrenergic receptors, releasing nitric oxide and causing peripheral vasodilation.",ne-BIV-oh-lol,-olol,verified
labetalol,Labetalol,Labetalol Hydrochloride,Labetalol hydrochloride,Labetalol hydrochloride,Cardiovascular,"A non-selective competitive beta-blocker with postsynaptic alpha-1 adrenergic blocking activity, established as the first-line drug of choice for hypertensive emergencies and hypertension in pregnancy.",100 mg; 200 mg; 5 mg/mL (20 mL IV ampoule),Film-coated Tablet; Solution for Injection,Oral; Intravenous,"Competitively blocks beta-1, beta-2, and alpha-1 adrenergic receptors; oral ratio of alpha:beta blockade is approx. 1:3; IV ratio is approx. 1:7; alpha-1 blockade reduces systemic vascular resistance while beta-1 blockade prevents reflex tachycardia.",la-BAY-ta-lol,-lalol,verified
esmolol,Esmolol,Esmolol Hydrochloride,Esmolol hydrochloride,Esmolol hydrochloride,Cardiovascular,"An ultra-short-acting, cardioselective beta-1 adrenergic blocker metabolized rapidly by red blood cell esterases, used for rapid intraoperative and emergency control of supraventricular tachycardia and aortic dissection.",100 mg/10 mL vial; 2.5 g/10 mL ampoule for infusion,Solution for Injection; Concentrate for Solution for Infusion,Intravenous,Selective competitive antagonist at myocardial beta-1 adrenergic receptors with negligible intrinsic sympathomimetic or membrane-stabilizing activity; rapidly hydrolyzed by cytoplasmic esterases in red blood cells.,EZ-moe-lol,-olol,verified
perindopril,Perindopril,Perindopril Erbumine / Arginine,Perindopril erbumine,Perindopril erbumine,Cardiovascular,"A long-acting, lipophilic prodrug ACE inhibitor that provides sustained 24-hour tissue ACE inhibition, extensive endothelial protection, and proven reduction of cardiovascular events in stable coronary artery disease.",2 mg; 4 mg; 8 mg (erbumine); 2.5 mg; 5 mg; 10 mg (arginine),Tablet,Oral,"Hydrolyzed in the liver to active metabolite perindoprilat, which competitively inhibits angiotensin-converting enzyme (ACE), blocking conversion of angiotensin I to angiotensin II, decreasing aldosterone, and inhibiting bradykinin degradation.",per-IN-doe-pril,-pril,verified
candesartan,Candesartan,Candesartan Cilexetil,Candesartan cilexetil,Candesartan cilexetil,Cardiovascular,"An ester prodrug angiotensin II receptor blocker (ARB) with insurmountable, tight AT1-receptor binding kinetics, proven to reduce cardiovascular mortality and hospitalizations in heart failure (CHARM trial).",4 mg; 8 mg; 16 mg; 32 mg,Tablet,Oral,"Completely bioactivated during gastrointestinal absorption to active candesartan, which binds selectively and insurmountably to the AT1 receptor with high affinity and slow dissociation, blocking vasoconstriction and aldosterone secretion.",kan-de-SAR-tan,-sartan,verified
cilnidipine,Cilnidipine,Cilnidipine,Cilnidipine,Cilnidipine,Cardiovascular,"A unique fourth-generation dihydropyridine calcium channel blocker with dual L-type and N-type calcium channel blockade, suppressing sympathetic nerve activity and significantly reducing pedal oedema and proteinuria.",5 mg; 10 mg; 20 mg,Tablet,Oral,Dual blockade: blocks L-type voltage-gated calcium channels in vascular smooth muscle cells (causing arterial vasodilation) AND N-type calcium channels at sympathetic nerve endings (inhibiting norepinephrine release and sympathetic overactivity).,sil-NI-di-peen,-dipine,verified
benidipine,Benidipine,Benidipine Hydrochloride,Benidipine hydrochloride,Benidipine hydrochloride,Cardiovascular,"A triple L-, T-, and N-type calcium channel blocker with high vascular membrane affinity, conferring long-lasting 24-hour antihypertensive, cardioprotective, and renoprotective effects with minimal pedal oedema.",4 mg; 8 mg,Film-coated Tablet,Oral,"Triple calcium channel blocker: blocks L-type channels (arteriolar dilation), T-type channels (aldosterone suppression and cardiac protective effect), and N-type channels (sympathetic nerve inhibition and efferent arteriolar dilation).",ben-I-di-peen,-dipine,verified
eplerenone,Eplerenone,Eplerenone,Eplerenone,Eplerenone,Cardiovascular,"A selective mineralocorticoid receptor antagonist (MRA) with high specificity for aldosterone receptors, proven to reduce mortality in heart failure post-MI without the antiandrogenic side effects of spironolactone.",25 mg; 50 mg,Film-coated Tablet,Oral,"Selectively binds to the mineralocorticoid receptor, competitively blocking aldosterone binding in the renal distal tubule and collecting duct; prevents sodium and water reabsorption while conserving potassium and magnesium; attenuates myocardial and vascular fibrosis.",eh-PLEER-en-own,-one,verified
indapamide,Indapamide,Indapamide,Indapamide,Indapamide,Cardiovascular,"A non-thiazide chlorosulfamoyl indole diuretic with dual diuretic and direct vascular smooth muscle vasodilating properties, established in major trials (HYVET, ADVANCE) for stroke and mortality reduction.",1.5 mg SR; 2.5 mg,Sustained-Release Tablet; Immediate-Release Tablet,Oral,"Dual action: inhibits sodium and chloride reabsorption in the early distal convoluted tubule (producing saluresis), AND directly reduces vascular reactivity to pressor amines by modulating transmembrane calcium influx in arterial smooth muscle cells.",in-DAP-a-mide,-amide,verified
ivabradine,Ivabradine,Ivabradine Hydrochloride,Ivabradine hydrochloride,Ivabradine hydrochloride,Cardiovascular,A selective and specific hyperpolarization-activated cyclic nucleotide-gated (HCN) pacemaker channel inhibitor that lowers heart rate without reducing myocardial contractility or blood pressure.,5 mg; 7.5 mg,Film-coated Tablet,Oral,"Selectively blocks the hyperpolarization-activated cyclic nucleotide-gated (HCN) channel (If 'funny' pacemaker current) in the sinoatrial node, slowing the diastolic depolarization slope and reducing heart rate at rest and during exercise.",eye-VA-bra-deen,-bradine,verified
isavuconazole,Isavuconazole,Isavuconazole (Isavuconazonium Sulfate),Isavuconazonium sulfate,Isavuconazonium sulfate,Antifungals,"A novel water-soluble triazole prodrug with broad-spectrum activity against invasive aspergillosis and mucormycosis, notable for causing QTc shortening rather than prolongation.",100 mg; 200 mg vial,Capsule; Powder for Solution for Infusion,Oral; Intravenous,"Rapidly hydrolyzed by plasma esterases to active isavuconazole, which inhibits fungal 14-alpha-lanosterol demethylase, blocking ergosterol synthesis.",eye-sa-voo-KON-a-zole,-conazole,verified
anidulafungin,Anidulafungin,Anidulafungin,Anidulafungin,Anidulafungin,Antifungals,"A semi-synthetic echinocandin antifungal that undergoes non-enzymatic chemical degradation, making it completely independent of renal and hepatic metabolism.",100 mg vial,Powder for Solution for Infusion,Intravenous,"Non-competitively inhibits 1,3-beta-D-glucan synthase, halting fungal cell wall synthesis and causing osmotic lysis.",a-nye-doo-la-FUN-jin,-fungin,verified
sertaconazole,Sertaconazole,Sertaconazole Nitrate,Sertaconazole nitrate,Sertaconazole nitrate,Antifungals,"A topical broad-spectrum imidazole antifungal containing a unique benzothiophene ring, providing dual fungistatic and direct fungicidal action with potent anti-inflammatory and antipruritic properties.",2% cream; 2% lotion; 2% dust powder; 500 mg vaginal suppository,Topical Cream; Topical Lotion; Topical Powder; Vaginal Tablet,Topical; Vaginal,"Dual mechanism: at low concentrations, inhibits 14-alpha-demethylase blocking ergosterol synthesis; at higher concentrations, benzothiophene ring directly inserts into fungal plasma membrane, forming pores and causing immediate cell death.",ser-ta-KON-a-zole,-conazole,verified
amorolfine,Amorolfine,Amorolfine Hydrochloride,Amorolfine hydrochloride,Amorolfine hydrochloride,Antifungals,"A morpholine antifungal nail lacquer and cream with a unique dual-enzyme inhibition mechanism in the ergosterol pathway, applied once or twice weekly for onychomycosis.",5% nail lacquer; 0.25% cream,Nail Lacquer; Topical Cream,Topical,"Inhibits two separate fungal enzymes in the ergosterol biosynthesis pathway: delta-14-reductase and delta-7,delta-8-isomerase, depleting ergosterol and causing accumulation of toxic ignosterol.",a-MORE-ol-feen,-olfine,verified
griseofulvin,Griseofulvin,Griseofulvin,Griseofulvin microsize,Griseofulvin,Antifungals,"An oral fungistatic antifungal that binds to fungal tubulin and concentrates in newly formed keratin, established as the gold standard for tinea capitis (scalp ringworm) in children.",125 mg; 250 mg; 500 mg; 125 mg/5 mL suspension,Tablet; Oral Suspension,Oral,"Binds to fungal tubulin and disrupts the mitotic spindle apparatus, arresting fungal cells in metaphase; also binds to human keratin, rendering newly formed hair, skin, and nails resistant to fungal invasion.",gris-ee-oh-FUL-vin,-fulvin,verified
flucytosine,Flucytosine (5-FC),Flucytosine,Flucytosine (5-fluorocytosine),Flucytosine,Antifungals,"A fluorinated pyrimidine antifungal that converts intracellularly to 5-fluorouracil, combined synergistically with amphotericin B for cryptococcal meningitis.",250 mg; 500 mg; 2.5 g/250 mL IV infusion,Capsule; Solution for Infusion,Oral; Intravenous,"Transported into fungal cells by cytosine permease and deaminated by fungal cytosine deaminase to 5-fluorouracil (5-FU); 5-FU inhibits thymidylate synthase and incorporates into fungal RNA, terminating protein and DNA synthesis.",floo-SYE-toe-seen,-cytosine,verified
remdesivir,Remdesivir,Remdesivir,Remdesivir,Remdesivir,Antivirals,"A broad-spectrum monophosphoramidate adenosine nucleotide prodrug that halts viral RNA synthesis, used intravenously for COVID-19 in hospitalized and high-risk patients.",100 mg vial,Lyophilized Powder for Injection; Concentrate for Solution for Infusion,Intravenous,"Metabolized intracellularly into active remdesivir triphosphate (GS-443902), which competes with ATP for incorporation by viral RNA-dependent RNA polymerase (RdRp), causing delayed chain termination at position i+3.",rem-DES-i-veer,-desivir,verified
molnupiravir,Molnupiravir,Molnupiravir,Molnupiravir,Molnupiravir,Antivirals,"An oral ribonucleoside prodrug that induces viral error catastrophe through lethal mutagenesis in viral RNA, used for mild-to-moderate COVID-19 in high-risk outpatients.",200 mg,Capsule,Oral,"Hydrolyzed in blood to N4-hydroxycytidine (NHC), phosphorylated intracellularly to NHC triphosphate, which is utilized by viral RdRp; mispairs with adenine and guanine, inducing massive catastrophic mutations during replication ('error catastrophe').",mol-noo-PEER-a-veer,-piravir,verified
nirmatrelvir,Nirmatrelvir / Ritonavir,Paxlovid (Nirmatrelvir + Ritonavir),Nirmatrelvir and ritonavir,Nirmatrelvir and ritonavir,Antivirals,"A peptidomimetic inhibitor of the SARS-CoV-2 main protease (Mpro / 3CLpro) boosted with ritonavir, reducing COVID-19 hospitalization and death by up to 89% in high-risk patients.",300 mg nirmatrelvir (two 150 mg tablets) + 100 mg ritonavir (one 100 mg tablet) per dose,Tablet (Dose Pack),Oral,"Nirmatrelvir reversible inhibits the SARS-CoV-2 main protease (Mpro/3CLpro), preventing processing of viral polyprotein precursors; low-dose ritonavir acts as a pharmacokinetic booster by inhibiting CYP3A4, sustaining therapeutic nirmatrelvir blood levels.",nir-ma-TREL-veer,-matrelvir,verified
sofosbuvir,Sofosbuvir,Sofosbuvir,Sofosbuvir,Sofosbuvir,Antivirals,"A breakthrough nucleotide analogue NS5B polymerase inhibitor with a high genetic barrier to resistance, serving as the backbone of direct-acting antiviral cures for chronic Hepatitis C.",400 mg,Film-coated Tablet,Oral,Uridine nucleotide prodrug metabolized in hepatocytes to active 2'-deoxy-2'-alpha-fluoro-beta-C-methyluridine triphosphate (GS-461203); acts as an obligate chain terminator for HCV NS5B RNA-dependent RNA polymerase.,soe-FOS-byoo-veer,-buvir,verified
lacosamide,Lacosamide,Lacosamide Film-Coated,Lacosamide,Lacosamide,Neurology,Third-generation antiepileptic drug selectively enhancing slow inactivation of voltage-gated sodium channels.,50 mg; 100 mg; 150 mg; 200 mg; 10 mg/mL syrup; 200 mg/20 mL IV,Tablet; Syrup; Injection,Oral; Intravenous,"Selectively enhances slow inactivation of voltage-gated sodium channels, terminating sustained repetitive neuronal firing without affecting fast inactivation.",luh-KOE-suh-mide,-amide,verified
lamotrigine,Lamotrigine,Lamotrigine Dispersible,Lamotrigine,Lamotrigine,Neurology,Broad-spectrum phenyltriazine antiepileptic and mood stabilizer targeting voltage-gated sodium and calcium channels.,25 mg; 50 mg; 100 mg; 200 mg dispersible,Dispersible Tablet,Oral,Voltage-gated sodium channel blocker and inhibitor of presynaptic glutamate and aspartate release.,luh-MOE-truh-jeen,-rigine,verified
oxcarbazepine,Oxcarbazepine,Oxcarbazepine Film-Coated,Oxcarbazepine,Oxcarbazepine,Neurology,Keto-analog of carbamazepine acting as a prodrug for 10-monohydroxy metabolite (MHD) with lower hepatic enzyme induction.,150 mg; 300 mg; 600 mg,Tablet; Oral Suspension,Oral,"Prodrug rapidly converted to active 10-monohydroxy metabolite (MHD), which blocks voltage-sensitive sodium channels.",ox-kar-BAZ-uh-peen,-zepine,verified
topiramate,Topiramate,Topiramate Film-Coated,Topiramate,Topiramate,Neurology,Broad-spectrum sulfamate-substituted monosaccharide antiepileptic and migraine prophylactic agent with multiple mechanisms.,25 mg; 50 mg; 100 mg; 200 mg,Tablet,Oral,"Blocks voltage-dependent sodium channels, potentiates GABA-A receptor currents, inhibits AMPA/kainate glutamate receptors, and weakly inhibits carbonic anhydrase (isozymes II and IV).",toe-PEER-uh-mate,-iramate,verified
pregabalin,Pregabalin,Pregabalin Capsules,Pregabalin,Pregabalin,Neurology,"Potent alpha-2-delta ligand that binds presynaptic voltage-gated calcium channels to treat neuropathic pain, fibromyalgia, and anxiety.",50 mg; 75 mg; 150 mg; 300 mg,Capsule,Oral,"Selectively binds the alpha-2-delta auxiliary subunit of presynaptic voltage-gated calcium channels in the CNS, reducing calcium influx and subsequent release of glutamate, substance P, and norepinephrine.",pree-GAB-uh-lin,-gabalin,verified
levodopa-carbidopa,Levodopa + Carbidopa,Levodopa and Carbidopa Controlled-Release,Levodopa and Carbidopa,Levodopa / Carbidopa,Neurology,Gold standard dopamine replacement therapy for Parkinson disease combining dopamine precursor with peripheral DDC inhibitor.,100 mg / 25 mg; 200 mg / 50 mg; 250 mg / 25 mg,Tablet; Controlled-Release Tablet,Oral,"Levodopa crosses the blood-brain barrier via L-neutral amino acid transporter (LAT1) and is decarboxylated to dopamine in striatal neurons; carbidopa inhibits peripheral dopa decarboxylase (DDC), preventing peripheral conversion and nausea.",lee-voe-DOE-puh kar-bih-DOE-puh,-dopa,verified
donepezil,Donepezil,Donepezil Film-Coated,Donepezil hydrochloride,Donepezil hydrochloride,Neurology,"Reversible, non-competitive, piperidine-based acetylcholinesterase inhibitor used to improve cognitive function in Alzheimer disease.",5 mg; 10 mg; 10 mg orally disintegrating tablet (ODT),Tablet; Orally Disintegrating Tablet,Oral,"Reversibly and non-competitively inhibits acetylcholinesterase (AChE), increasing acetylcholine concentration in cortical synapses.",doe-NEP-uh-zil,-pezil,verified
sumatriptan,Sumatriptan,Sumatriptan Succinate,Sumatriptan succinate,Sumatriptan succinate,Neurology,Prototypic 5-HT1B/1D receptor agonist providing rapid acute relief of migraine attacks and cluster headaches.,25 mg; 50 mg; 100 mg; 6 mg/0.5 mL subcutaneous autoinjector; 20 mg nasal spray,Tablet; Subcutaneous Injection; Nasal Spray,Oral; Subcutaneous; Intranasal,"Selective agonist for 5-HT1B (vascular) and 5-HT1D (neuronal) receptors, causing cranial vasoconstriction and inhibiting trigeminal calcitonin gene-related peptide (CGRP) release.",soo-muh-TRIP-tan,-triptan,verified
escitalopram,Escitalopram,Escitalopram Oxalate,Escitalopram oxalate,Escitalopram oxalate,Psychiatry,S-enantiomer of citalopram; the most selective serotonin reuptake inhibitor (SSRI) with minimal anticholinergic and antihistaminic activity.,5 mg; 10 mg; 15 mg; 20 mg,Tablet,Oral,"Pure S-enantiomer that binds with high affinity to the primary serotonin transporter (SERT) and allosteric site, potently blocking 5-HT reuptake.",es-sye-TAL-oh-pram,-pram,verified
venlafaxine,Venlafaxine,Venlafaxine Extended-Release,Venlafaxine hydrochloride,Venlafaxine hydrochloride,Psychiatry,Serotonin and norepinephrine reuptake inhibitor (SNRI) with dose-dependent dual neurotransmitter modulation.,37.5 mg; 75 mg; 150 mg extended-release,Extended-Release Capsule,Oral,Potently inhibits serotonin reuptake at low doses (<150 mg/day); additionally inhibits norepinephrine reuptake at moderate-to-high doses (>=150 mg/day).,ven-luh-FAX-een,-faxine,verified
duloxetine,Duloxetine,Duloxetine Delayed-Release,Duloxetine hydrochloride,Duloxetine hydrochloride,Psychiatry,"Potent dual SNRI with balanced 5-HT and NE reuptake inhibition across all therapeutic doses, effective for depression and chronic somatic pain.",20 mg; 30 mg; 60 mg,Delayed-Release Capsule,Oral,Potently and equally inhibits neuronal reuptake of both serotonin and norepinephrine throughout the dosing range; weak dopamine uptake inhibitor.,doo-LOX-uh-teen,-oxetine,verified
mirtazapine,Mirtazapine,Mirtazapine Orally Disintegrating,Mirtazapine,Mirtazapine,Psychiatry,"Noradrenergic and specific serotonergic antidepressant (NaSSA) that stimulates appetite, promotes sleep, and avoids sexual dysfunction.",7.5 mg; 15 mg; 30 mg; 45 mg orally disintegrating tablet (ODT),Tablet; Orally Disintegrating Tablet,Oral,"Antagonizes central presynaptic alpha-2 auto- and heteroreceptors, increasing norepinephrine and serotonin release; simultaneously blocks postsynaptic 5-HT2 and 5-HT3 receptors and potently blocks H1 histamine receptors.",mir-TAZ-uh-peen,-zapine,verified
olanzapine,Olanzapine,Olanzapine Mouth Dissolving,Olanzapine,Olanzapine,Psychiatry,Second-generation (atypical) thienobenzodiazepine antipsychotic with broad receptor affinity and high risk of metabolic syndrome.,2.5 mg; 5 mg; 7.5 mg; 10 mg; 15 mg; 20 mg orally disintegrating tablet (ODT),Tablet; Orally Disintegrating Tablet; IM Injection,Oral; Intramuscular,"Antagonizes dopamine D2, serotonin 5-HT2A and 5-HT2C, histamine H1, muscarinic M1-M5, and alpha-1 adrenergic receptors in the CNS.",oh-LAN-zuh-peen,-zapine,verified
quetiapine,Quetiapine,Quetiapine Extended-Release,Quetiapine fumarate,Quetiapine fumarate,Psychiatry,"Broad-spectrum dibenzothiazepine atypical antipsychotic with low D2 receptor occupancy, minimal EPS, and potent active metabolite norquetiapine.",25 mg; 50 mg; 100 mg; 200 mg; 300 mg; 400 mg extended-release,Immediate-Release Tablet; Extended-Release Tablet,Oral,"Low-affinity D2 receptor antagonist with rapid dissociation kinetics ('hit-and-run'); potently antagonizes 5-HT2A, H1 histamine, and alpha-1 adrenergic receptors; active metabolite norquetiapine potently inhibits the norepinephrine transporter (NET) and acts as a 5-HT1A partial agonist.",kweh-TYE-uh-peen,-tiapine,verified
aripiprazole,Aripiprazole,Aripiprazole Film-Coated,Aripiprazole,Aripiprazole,Psychiatry,Third-generation atypical antipsychotic acting as a dopamine D2 partial agonist ('dopamine system stabilizer') with favorable metabolic profile.,2 mg; 5 mg; 10 mg; 15 mg; 20 mg; 30 mg; 10 mg orally disintegrating tablet (ODT),Tablet; Orally Disintegrating Tablet,Oral; Intramuscular,"Functions as a partial agonist at dopamine D2 and 5-HT1A receptors, and an antagonist at serotonin 5-HT2A receptors.",uh-rip-IP-ruh-zole,-piprazole,verified
isotretinoin,Isotretinoin,Isotretinoin Soft Gelatin Capsules,Isotretinoin (13-cis-retinoic acid),Isotretinoin,Dermatology,Oral retinoid providing curative remission for severe recalcitrant nodulocystic acne; highly teratogenic requiring strict risk management.,10 mg; 20 mg; 40 mg,Soft Gelatin Capsule,Oral,"Interacts with retinoic acid nuclear receptors, profoundly suppressing sebaceous gland size and activity, normalizing follicular keratinocyte differentiation, reducing Cutibacterium acnes, and exerting potent anti-inflammatory effects.",eye-soe-TRET-ih-noyn,-tretinoin,verified
adapalene,Adapalene,Adapalene Topical Gel,Adapalene,Adapalene,Dermatology,"Third-generation synthetic naphthoic acid topical retinoid with high selectivity for RAR-beta and RAR-gamma, offering superior photostability and tolerability.",0.1% gel; 0.3% gel,Gel; Cream,Topical,"Binds selectively to nuclear retinoic acid receptor (RAR) beta and gamma subtypes; modulates cellular differentiation, keratinization, and inflammatory processes.",uh-DAP-uh-leen,-alene,verified
mupirocin,Mupirocin,Mupirocin Ointment USP,Mupirocin,Mupirocin,Dermatology,"Naturally derived pseudomonic acid antibiotic that uniquely inhibits bacterial isoleucyl-tRNA synthetase, eradicating MRSA and impetigo.",2% ointment; 2% cream,Ointment; Cream,Topical,"Selectively and reversibly binds to bacterial isoleucyl-transfer RNA (tRNA) synthetase, arresting protein synthesis without cross-resistance to other antibiotic classes.",myoo-PEER-oh-sin,-mupirocin,verified
tacrolimus-topical,Tacrolimus (Topical),Tacrolimus Ointment,Tacrolimus,Tacrolimus,Dermatology,Topical calcineurin inhibitor providing non-steroidal immunosuppression for moderate-to-severe atopic dermatitis without skin atrophy.,0.03% ointment (pediatric); 0.1% ointment (adult),Ointment,Topical,"Binds to intracellular immunophilin FKBP-12, creating a complex that inhibits calcineurin phosphatase; blocks dephosphorylation of NFAT, preventing transcription of IL-2, IL-4, IL-5, and TNF-alpha in T-lymphocytes.",tak-ROE-lih-mus,-limus,verified
clobetasol-propionate,Clobetasol Propionate,Clobetasol Propionate Cream / Ointment,Clobetasol propionate,Clobetasol propionate,Dermatology,"Super-potent Class I topical corticosteroid for short-term management of severe, recalcitrant inflammatory dermatoses.",0.05% cream; 0.05% ointment; 0.05% scalp lotion,Cream; Ointment; Scalp Lotion,Topical,"High-affinity agonist for glucocorticoid receptors; induces lipocortin synthesis, inhibiting phospholipase A2 and decreasing downstream prostaglandins, leukotrienes, and inflammatory cytokines.",kloe-BAY-tuh-sol proe-pee-oh-nate,-etasol,verified
terbinafine-topical,Terbinafine (Topical),Terbinafine Topical Cream,Terbinafine hydrochloride,Terbinafine hydrochloride,Dermatology,"Topical allylamine antifungal that inhibits squalene epoxidase, providing fungicidal activity against dermatophytes with short 1-week treatment courses.",1% cream; 1% lotion; 1% spray,Cream; Lotion; Spray,Topical,"Selectively inhibits fungal squalene epoxidase, blocking ergosterol biosynthesis and causing toxic intracellular accumulation of squalene.",tur-BIN-uh-feen,-fine,verified
fusidic-acid,Fusidic Acid,Fusidic Acid Cream / Ointment,Fusidic acid,Sodium fusidate,Dermatology,"Narrow-spectrum steroidal antibacterial that inhibits bacterial elongation factor G, highly effective for staphylococcal pyoderma.",2% cream; 2% sodium fusidate ointment,Cream; Ointment,Topical,Inhibits bacterial protein synthesis by preventing the translocation of elongation factor G (EF-G) from the bacterial ribosome.,fyoo-SID-ik AS-id,-fusidate,verified
minoxidil-topical,Minoxidil (Topical),Minoxidil Topical Solution / Foam,Minoxidil,Minoxidil,Dermatology,Topical ATP-sensitive potassium channel opener and vasodilator that stimulates follicular keratinocytes to treat androgenetic alopecia.,2% solution; 5% solution; 5% foam,Topical Solution; Topical Foam,Topical,"Opens ATP-sensitive potassium channels in vascular smooth muscle and hair follicles; upregulates vascular endothelial growth factor (VEGF), shortens telogen phase, and prolongs anagen (growth) phase of hair follicles.",mih-NOX-ih-dil,-dil,verified
hydrocortisone,Hydrocortisone,Hydrocortisone Sodium Succinate,Hydrocortisone,Hydrocortisone sodium succinate,Corticosteroids,Short-acting bioidentical glucocorticoid and mineralocorticoid; the gold-standard intravenous therapy for acute adrenal crisis and septic shock.,10 mg; 20 mg tablet; 100 mg / 2 mL IV vial; 1% topical cream,Tablet; Solution for Injection; Topical Cream,Oral; Intravenous; Topical,"Diffuses across cell membranes and binds to cytosolic glucocorticoid and mineralocorticoid receptors, regulating gene transcription to suppress inflammation and maintain vascular tone and electrolyte balance.",hye-droe-KOR-tih-zone,-cortisone,verified
methylprednisolone,Methylprednisolone,Methylprednisolone Sodium Succinate,Methylprednisolone,Methylprednisolone sodium succinate,Corticosteroids,"Intermediate-acting synthetic glucocorticoid with 5 times the anti-inflammatory potency of hydrocortisone and minimal mineralocorticoid activity, used for pulse therapy in acute autoimmune relapses.",4 mg; 8 mg; 16 mg; 40 mg IV vial; 125 mg IV vial; 500 mg IV vial; 1000 mg IV vial,Tablet; Solution for Injection,Oral; Intravenous,"Potent glucocorticoid receptor agonist; inhibits inflammatory cytokine synthesis, impairs leukocyte migration, and induces lymphocyte apoptosis.",meth-ul-pred-NISS-oh-lone,-prednisolone,verified
deflazacort,Deflazacort,Deflazacort Tablets,Deflazacort,Deflazacort,Corticosteroids,"Oxazoline derivative of prednisolone with comparable immunosuppressive efficacy but significantly less bone loss, weight gain, and glucose intolerance.",6 mg; 12 mg; 18 mg; 24 mg; 30 mg,Tablet,Oral,"Prodrug rapidly converted to active 21-desacetyldeflazacort, which binds glucocorticoid receptors to suppress inflammatory cytokines, T-cell activation, and prostaglandin synthesis.",deh-FLAZ-uh-kort,-zacort,verified
betamethasone,Betamethasone,Betamethasone Sodium Phosphate and Acetate,Betamethasone,Betamethasone sodium phosphate,Corticosteroids,"Long-acting fluorinated glucocorticoid with zero mineralocorticoid activity, uniquely capable of crossing the placenta to accelerate fetal lung maturation in preterm labor.",0.5 mg tablet; 4 mg/mL IV/IM vial; 0.05% topical cream,Tablet; Solution for Injection; Topical Cream,Oral; Intramuscular; Topical,"High-affinity fluorinated glucocorticoid receptor agonist; stimulates synthesis of pulmonary surfactant proteins (SP-A, SP-B) in fetal type II pneumocytes and downregulates pro-inflammatory cascades.",bay-tuh-METH-uh-zone,-methasone,verified
triamcinolone,Triamcinolone,Triamcinolone Acetonide Injectable Suspension,Triamcinolone acetonide,Triamcinolone acetonide,Corticosteroids,"Intermediate-acting fluorinated glucocorticoid with zero mineralocorticoid activity, widely formulated as microcrystalline suspension for intra-articular and intralesional therapy.",40 mg/mL injectable suspension; 0.1% oral paste; 55 mcg nasal spray,Injectable Suspension; Oral Paste; Nasal Spray,Intra-articular; Intralesional; Intranasal; Topical,"Potent glucocorticoid receptor agonist; inhibits phospholipase A2 and cyclooxygenase pathways, reducing synovial inflammation, keloid fibroblast proliferation, and allergic rhinitis.",trye-am-SIN-oh-lone,-olone,verified
